question,conditions
5日线长期波幅新高的股票有哪些,"[{""date"": ""2025-12-04"", ""factor"": ""5日线长期波幅新高"", ""id"": ""1760"", ""classid"": 3, ""subclassid"": ""2"", ""back_test_type"": ""1"", ""sort_type"": ""0""}]"
3D打印题材股有哪些？,"[{""date"": ""2025-12-04"", ""factor"": ""3d打印"", ""id"": ""232"", ""classid"": 1, ""subclassid"": ""2"", ""back_test_type"": ""2"", ""sort_type"": ""0""}]"
高股息的股票,"[{""date"": ""2025-12-04"", ""factor"": ""高股息股"", ""id"": ""7215"", ""classid"": 4, ""subclassid"": ""6"", ""back_test_type"": ""1"", ""sort_type"": ""0""}]"
存在市值退市风险的核电SMR相关股票有哪些,"[{""date"": ""2025-12-05"", ""factor"": ""核电"", ""id"": ""329"", ""classid"": 1, ""subclassid"": ""2"", ""back_test_type"": ""2"", ""sort_type"": ""0""}]"
波动背离预警的股票,"[{""date"": ""2025-12-04"", ""factor"": ""波动背离预警"", ""id"": ""1715"", ""classid"": 2, ""subclassid"": ""5"", ""back_test_type"": ""1"", ""sort_type"": ""0""}]"
创新药有哪些股票60日首板新高且ROE.TTM大于0%,"[{""date"": ""2025-12-04"", ""factor"": ""创新药"", ""id"": ""7090"", ""classid"": 1, ""subclassid"": ""2"", ""back_test_type"": ""2"", ""sort_type"": ""0""}, {""date"": ""2025-12-04"", ""factor"": ""60日首板新高"", ""id"": ""1327"", ""classid"": 2, ""subclassid"": ""3"", ""back_test_type"": ""1"", ""sort_type"": ""0""}, {""date"": ""2025-12-04"", ""factor"": ""ROE"", ""id"": ""c118[4]>0%"", ""classid"": ""3"", ""subclassid"": ""5"", ""back_test_type"": ""2"", ""sort"": ""降序"", ""sort_type"": ""2""}]"
今天的涨停板中，有10日MACD反复金叉的公司。,"[{""date"": ""2025-12-04"", ""factor"": ""当日涨停"", ""id"": ""3925"", ""classid"": ""2"", ""subclassid"": ""3"", ""back_test_type"": ""1"", ""sort_type"": ""0""}, {""date"": ""2025-12-04"", ""factor"": ""10日macd反复金叉"", ""id"": ""1460"", ""classid"": 3, ""subclassid"": ""3"", ""back_test_type"": ""1"", ""sort_type"": ""0""}]"
中国液态金属制造领先的上市公司是,"[{""date"": ""2025-12-04"", ""factor"": ""液态金属"", ""id"": ""314"", ""classid"": 1, ""subclassid"": ""2"", ""back_test_type"": ""2"", ""sort_type"": ""0""}]"
60日多次缩量的股票,"[{""date"": ""2025-12-04"", ""factor"": ""60日多次缩量"", ""id"": ""3894"", ""classid"": 3, ""subclassid"": ""9"", ""back_test_type"": ""1"", ""sort_type"": ""0""}]"
沪市MACD短期强金叉的中科院概念股票？,"[{""date"": ""2025-12-04"", ""factor"": ""沪市等权"", ""id"": ""846"", ""classid"": 1, ""subclassid"": ""7"", ""back_test_type"": ""1"", ""sort_type"": ""0""}, {""date"": ""2025-12-04"", ""factor"": ""macd短期强金叉"", ""id"": ""1525"", ""classid"": 3, ""subclassid"": ""3"", ""back_test_type"": ""1"", ""sort_type"": ""0""}, {""date"": ""2025-12-04"", ""factor"": ""中科院系"", ""id"": ""439"", ""classid"": ""1"", ""subclassid"": ""2"", ""back_test_type"": ""2"", ""sort_type"": ""0""}]"
找出符合CCI变动250日新高的股票,"[{""date"": ""2025-12-04"", ""factor"": ""cci变动250日新高"", ""id"": ""1819"", ""classid"": 3, ""subclassid"": ""6"", ""back_test_type"": ""1"", ""sort_type"": ""0""}]"
中国生产制造门固态电泄的公司,"[{""date"": ""2025-12-04"", ""factor"": ""固态电池"", ""id"": ""663"", ""classid"": 1, ""subclassid"": ""2"", ""back_test_type"": ""2"", ""sort_type"": ""0""}]"
5日带量上攻的消费股有哪几只,"[{""date"": ""2025-12-04"", ""factor"": ""5日带量上攻"", ""id"": ""3689"", ""classid"": 3, ""subclassid"": ""1"", ""back_test_type"": ""1"", ""sort_type"": ""0""}, {""date"": ""2025-12-04"", ""factor"": ""酒及饮料|旅游酒店|农副食品|休闲食品|纺织业|服装"", ""id"": ""203|482|171|681|238|152"", ""classid"": """", ""subclassid"": """", ""back_test_type"": ""2"", ""sort_type"": ""0""}]"
120日M-ATR积极的票,"[{""date"": ""2025-12-04"", ""factor"": ""120日m-atr积极"", ""id"": ""3823"", ""classid"": 3, ""subclassid"": ""1"", ""back_test_type"": ""1"", ""sort_type"": ""0""}]"
120日连阴新低的股票有哪些,"[{""date"": ""2025-12-04"", ""factor"": ""120日连阴新低"", ""id"": ""1442"", ""classid"": 3, ""subclassid"": ""1"", ""back_test_type"": ""1"", ""sort_type"": ""0""}]"
行业中ROE后十公司成分股,"[{""date"": ""2025-12-04"", ""factor"": ""行业中roe后十公司成分股"", ""id"": ""3303"", ""classid"": 4, ""subclassid"": ""5"", ""back_test_type"": ""1"", ""sort_type"": ""0""}]"
选出千V舆情热门及开盘涨幅大于3%的股票,"[{""date"": ""2025-12-04"", ""factor"": ""千v舆情热门"", ""id"": ""3473"", ""classid"": 10, ""subclassid"": ""4"", ""back_test_type"": ""1"", ""sort_type"": ""0""}, {""date"": ""2025-12-04"", ""factor"": ""开盘价涨幅"", ""id"": ""c25>3%"", ""classid"": ""1"", ""subclassid"": ""2"", ""back_test_type"": ""1"", ""sort"": ""降序"", ""sort_type"": ""2""}]"
选出几个120日连阳新高的股票,"[{""date"": ""2025-12-04"", ""factor"": ""120日连阳新高"", ""id"": ""1435"", ""classid"": 3, ""subclassid"": ""1"", ""back_test_type"": ""1"", ""sort_type"": ""0""}]"
"10日M-ATR爆发；RSI跌到20以下后,出现反转信号；股价在20元以下；非创业板；非科技板；非ST","[{""date"": ""2025-12-04"", ""factor"": ""10日m-atr爆发"", ""id"": ""3797"", ""classid"": 3, ""subclassid"": ""1"", ""back_test_type"": ""1"", ""sort_type"": ""0""}, {""date"": ""2025-12-04"", ""factor"": ""RSI.RSI1"", ""id"": ""c60[1]<20"", ""classid"": ""2"", ""subclassid"": ""1"", ""back_test_type"": ""1"", ""sort"": ""升序"", ""sort_type"": ""1""}, {""date"": ""2025-12-05"", ""factor"": ""RSI.RSI1"", ""id"": ""c60[1]>20"", ""classid"": ""2"", ""subclassid"": ""1"", ""back_test_type"": ""1"", ""sort"": ""降序"", ""sort_type"": ""2""}, {""date"": ""2025-12-04"", ""factor"": ""收盘价_不复权"", ""id"": ""c4<20"", ""classid"": """", ""subclassid"": """", ""back_test_type"": ""1"", ""sort_type"": ""0""}, {""date"": ""2025-12-04"", ""factor"": ""非创业板"", ""id"": ""7350"", ""classid"": 1, ""subclassid"": ""7"", ""back_test_type"": ""1"", ""sort_type"": ""0""}, {""date"": ""2025-12-04"", ""factor"": ""非科创板"", ""id"": ""7349"", ""classid"": 1, ""subclassid"": ""7"", ""back_test_type"": ""1"", ""sort_type"": ""0""}, {""date"": ""2025-12-04"", ""factor"": ""非ST板块"", ""id"": ""!651"", ""classid"": ""1"", ""subclassid"": ""2"", ""back_test_type"": ""2"", ""sort_type"": ""0""}]"
截止最近一个交易日30日超大流入新高的个股有哪些,"[{""date"": ""2025-12-04"", ""factor"": ""30日超大流入新高"", ""id"": ""1674"", ""classid"": 8, ""subclassid"": ""1"", ""back_test_type"": ""1"", ""sort_type"": ""0""}]"
"长时间横盘突然放量,并且有长上影线的股票有哪些？","[{""date"": ""2025-12-04"", ""factor"": ""60日首次放量"", ""id"": ""3901"", ""classid"": 3, ""subclassid"": ""9"", ""back_test_type"": ""1"", ""sort_type"": ""0""}, {""date"": ""2025-12-04"", ""factor"": ""长期窄幅波动"", ""id"": ""47"", ""classid"": 2, ""subclassid"": ""5"", ""back_test_type"": ""1"", ""sort_type"": ""0""}, {""date"": ""2025-12-04"", ""factor"": ""单日放量流入"", ""id"": ""1267"", ""classid"": 8, ""subclassid"": ""1"", ""back_test_type"": ""1"", ""sort_type"": ""0""}, {""date"": ""2025-12-04"", ""factor"": ""上影线长度比例"", ""id"": ""c28"", ""classid"": ""1"", ""subclassid"": ""2"", ""back_test_type"": ""1"", ""sort_type"": ""0""}]"
选出几个30日连阳新高的股票,"[{""date"": ""2025-12-04"", ""factor"": ""30日连阳新高"", ""id"": ""1433"", ""classid"": 3, ""subclassid"": ""1"", ""back_test_type"": ""1"", ""sort_type"": ""0""}]"
涨停阳线换挡且属于茅概念的股票有哪些,"[{""date"": ""2025-12-04"", ""factor"": ""涨停阳线换挡"", ""id"": ""1209"", ""classid"": 3, ""subclassid"": ""1"", ""back_test_type"": ""1"", ""sort_type"": ""0""}, {""date"": ""2025-12-04"", ""factor"": ""茅概念"", ""id"": ""748"", ""classid"": ""1"", ""subclassid"": ""2"", ""back_test_type"": ""2"", ""sort_type"": ""0""}]"
"主板30日均线上穿60日均线,站上5日均线的股票有哪些","[{""date"": ""2025-12-04"", ""factor"": ""沪深主板等权"", ""id"": ""942"", ""classid"": ""1"", ""subclassid"": ""7"", ""back_test_type"": ""1"", ""sort_type"": ""0""}, {""date"": ""2025-12-04"", ""factor"": ""30日均线"", ""id"": ""c21[6]>c21[7]"", ""classid"": """", ""subclassid"": """", ""back_test_type"": ""1"", ""sort_type"": ""0""}, {""date"": ""2025-12-04"", ""factor"": ""上穿5日线"", ""id"": ""1506"", ""classid"": ""3"", ""subclassid"": ""2"", ""back_test_type"": ""1"", ""sort_type"": ""0""}]"
明泓量化卖出的股票有哪些,"[{""date"": ""2025-12-04"", ""factor"": ""明泓量化卖出"", ""id"": ""4140"", ""classid"": 8, ""subclassid"": ""4"", ""back_test_type"": ""2"", ""sort_type"": ""0""}]"
作手新一买入的股票有哪些,"[{""date"": ""2025-12-04"", ""factor"": ""作手新一买入"", ""id"": ""4129"", ""classid"": 8, ""subclassid"": ""4"", ""back_test_type"": ""2"", ""sort_type"": ""0""}]"
当日连板的核电SMR相关股票有哪些,"[{""date"": ""2025-12-05"", ""factor"": ""当日连板"", ""id"": ""7036"", ""classid"": 2, ""subclassid"": ""3"", ""back_test_type"": ""1"", ""sort_type"": ""0""}, {""date"": ""2025-12-05"", ""factor"": ""核电"", ""id"": ""329"", ""classid"": 1, ""subclassid"": ""2"", ""back_test_type"": ""2"", ""sort_type"": ""0""}]"
今年已公告收购或重组蕊片公司或机器人相关的公司？,"[{""date"": ""2025-12-04"", ""factor"": ""并购重组"", ""id"": ""7239"", ""classid"": ""1"", ""subclassid"": ""2"", ""back_test_type"": ""2"", ""sort_type"": ""0""}, {""date"": ""2025-12-04"", ""factor"": ""芯片概念|机器人概念"", ""id"": ""627|2741"", ""classid"": """", ""subclassid"": """", ""back_test_type"": ""2"", ""sort_type"": ""0""}]"
截止最近一个交易日120日超大流入新高的个股有哪些,"[{""date"": ""2025-12-04"", ""factor"": ""120日超大流入新高"", ""id"": ""1676"", ""classid"": 8, ""subclassid"": ""1"", ""back_test_type"": ""1"", ""sort_type"": ""0""}]"
截止最近一个交易日60日超大流入新高的个股有哪些,"[{""date"": ""2025-12-04"", ""factor"": ""60日超大流入新高"", ""id"": ""1675"", ""classid"": 8, ""subclassid"": ""1"", ""back_test_type"": ""1"", ""sort_type"": ""0""}]"
多头蓄力的股票有哪些,"[{""date"": ""2025-12-04"", ""factor"": ""多头蓄力"", ""id"": ""3679"", ""classid"": 3, ""subclassid"": ""1"", ""back_test_type"": ""1"", ""sort_type"": ""0""}]"
"KDJ死叉的,科创板,上市公司","[{""date"": ""2025-12-04"", ""factor"": ""kdj死叉"", ""id"": ""97"", ""classid"": 3, ""subclassid"": ""4"", ""back_test_type"": ""1"", ""sort_type"": ""0""}, {""date"": ""2025-12-04"", ""factor"": ""科创板等权"", ""id"": ""939"", ""classid"": 1, ""subclassid"": ""7"", ""back_test_type"": ""1"", ""sort_type"": ""0""}]"
哪些股票属于机构近期评级买入,"[{""date"": ""2025-12-04"", ""factor"": ""机构近期评级买入"", ""id"": ""851"", ""classid"": 6, ""subclassid"": ""1"", ""back_test_type"": ""1"", ""sort_type"": ""0""}]"
目前K线呈5日M-ATR异动形态的股票有哪些？,"[{""date"": ""2025-12-04"", ""factor"": ""5日m-atr异动"", ""id"": ""3782"", ""classid"": 3, ""subclassid"": ""1"", ""back_test_type"": ""1"", ""sort_type"": ""0""}]"
帮我选出60日线中期波幅新低的股,"[{""date"": ""2025-12-04"", ""factor"": ""60日线中期波幅新低"", ""id"": ""1782"", ""classid"": 3, ""subclassid"": ""2"", ""back_test_type"": ""1"", ""sort_type"": ""0""}]"
20日均偏新低的，人型机器人公司股价在7元上下的有哪几家？,"[{""date"": ""2025-12-04"", ""factor"": ""20日均偏新低"", ""id"": ""3670"", ""classid"": 3, ""subclassid"": ""1"", ""back_test_type"": ""1"", ""sort_type"": ""0""}, {""date"": ""2025-12-04"", ""factor"": ""人形机器人"", ""id"": ""7030"", ""classid"": 1, ""subclassid"": ""2"", ""back_test_type"": ""2"", ""sort_type"": ""0""}, {""date"": ""2025-12-04"", ""factor"": ""收盘价_不复权"", ""id"": ""c4>=6.3"", ""classid"": """", ""subclassid"": """", ""back_test_type"": ""1"", ""sort_type"": ""0""}, {""date"": ""2025-12-04"", ""factor"": ""收盘价_不复权"", ""id"": ""c4<=7.7"", ""classid"": """", ""subclassid"": """", ""back_test_type"": ""1"", ""sort_type"": ""0""}]"
OBV阶段新低的个股有哪些,"[{""date"": ""2025-12-04"", ""factor"": ""obv阶段新低"", ""id"": ""1660"", ""classid"": 3, ""subclassid"": ""11"", ""back_test_type"": ""1"", ""sort_type"": ""0""}]"
固态电池相关的股票和龙头股,"[{""date"": ""2025-12-04"", ""factor"": ""固态电池"", ""id"": ""663"", ""classid"": 1, ""subclassid"": ""2"", ""back_test_type"": ""2"", ""sort_type"": ""0""}, {""date"": ""2025-12-04"", ""factor"": ""月度强势"", ""id"": ""3"", ""classid"": ""2"", ""subclassid"": ""1"", ""back_test_type"": ""1"", ""sort_type"": ""0""}]"
连阳首阴的股票,"[{""date"": ""2025-12-04"", ""factor"": ""连阳首阴"", ""id"": ""1444"", ""classid"": 3, ""subclassid"": ""1"", ""back_test_type"": ""1"", ""sort_type"": ""0""}]"
5元以下且动态换手90日预警的股票,"[{""date"": ""2025-12-04"", ""factor"": ""收盘价_不复权"", ""id"": ""c4<=5"", ""classid"": """", ""subclassid"": """", ""back_test_type"": ""1"", ""sort_type"": ""0""}, {""date"": ""2025-12-04"", ""factor"": ""动态换手90日预警"", ""id"": ""4018"", ""classid"": 3, ""subclassid"": ""9"", ""back_test_type"": ""1"", ""sort_type"": ""0""}]"
30日MACD强力金叉的股票,"[{""date"": ""2025-12-04"", ""factor"": ""30日macd强力金叉"", ""id"": ""1528"", ""classid"": 3, ""subclassid"": ""3"", ""back_test_type"": ""1"", ""sort_type"": ""0""}]"
60日量价波动预警的股票,"[{""date"": ""2025-12-04"", ""factor"": ""60日量价波动预警"", ""id"": ""1712"", ""classid"": 2, ""subclassid"": ""5"", ""back_test_type"": ""1"", ""sort_type"": ""0""}]"
前2月销额累计值同比稳增的半导体股有哪些,"[{""date"": ""2025-12-04"", ""factor"": ""半导体"", ""id"": ""547"", ""classid"": 1, ""subclassid"": ""2"", ""back_test_type"": ""2"", ""sort_type"": ""0""}]"
现金奶牛的股票有哪些,"[{""date"": ""2025-12-04"", ""factor"": ""现金奶牛"", ""id"": ""938"", ""classid"": 4, ""subclassid"": ""4"", ""back_test_type"": ""1"", ""sort_type"": ""0""}]"
半导体龙头股,"[{""date"": ""2025-12-04"", ""factor"": ""半导体"", ""id"": ""547"", ""classid"": 1, ""subclassid"": ""2"", ""back_test_type"": ""2"", ""sort_type"": ""0""}, {""date"": ""2025-12-04"", ""factor"": ""月度强势"", ""id"": ""3"", ""classid"": ""2"", ""subclassid"": ""1"", ""back_test_type"": ""1"", ""sort_type"": ""0""}]"
低位10日BIAS飙升上穿20日线,"[{""date"": ""2025-12-04"", ""factor"": ""10日bias飙升"", ""id"": ""3737"", ""classid"": 3, ""subclassid"": ""10"", ""back_test_type"": ""1"", ""sort_type"": ""0""}, {""date"": ""2025-12-04"", ""factor"": ""上穿20日线"", ""id"": ""1508"", ""classid"": 3, ""subclassid"": ""2"", ""back_test_type"": ""1"", ""sort_type"": ""0""}]"
90日换手变动创长期新低的人形机器人概念股有哪些,"[{""date"": ""2025-12-04"", ""factor"": ""90日换手变动长期新低"", ""id"": ""3883"", ""classid"": 3, ""subclassid"": ""9"", ""back_test_type"": ""1"", ""sort_type"": ""0""}, {""date"": ""2025-12-04"", ""factor"": ""人形机器人"", ""id"": ""7030"", ""classid"": 1, ""subclassid"": ""2"", ""back_test_type"": ""2"", ""sort_type"": ""0""}]"
请选出出现120日BIAS强突信号的个股,"[{""date"": ""2025-12-04"", ""factor"": ""120日bias强突"", ""id"": ""3772"", ""classid"": 3, ""subclassid"": ""10"", ""back_test_type"": ""1"", ""sort_type"": ""0""}]"
涉及CCI空头10日释放的上市公司有哪些,"[{""date"": ""2025-12-04"", ""factor"": ""cci空头10日释放"", ""id"": ""1822"", ""classid"": 3, ""subclassid"": ""6"", ""back_test_type"": ""1"", ""sort_type"": ""0""}]"
深股通买入的股票有哪些,"[{""date"": ""2025-12-04"", ""factor"": ""深股通买入"", ""id"": ""4119"", ""classid"": 8, ""subclassid"": ""4"", ""back_test_type"": ""2"", ""sort_type"": ""0""}]"
旅游股票且10日均偏新高,"[{""date"": ""2025-12-04"", ""factor"": ""旅游及景区"", ""id"": ""3468"", ""classid"": 1, ""subclassid"": ""11"", ""back_test_type"": ""2"", ""sort_type"": ""0""}, {""date"": ""2025-12-04"", ""factor"": ""10日均偏新高"", ""id"": ""3662"", ""classid"": 3, ""subclassid"": ""1"", ""back_test_type"": ""1"", ""sort_type"": ""0""}]"
智能人形机器人龙头股有那些？,"[{""date"": ""2025-12-04"", ""factor"": ""人形机器人"", ""id"": ""7030"", ""classid"": 1, ""subclassid"": ""2"", ""back_test_type"": ""2"", ""sort_type"": ""0""}, {""date"": ""2025-12-04"", ""factor"": ""月度强势"", ""id"": ""3"", ""classid"": 2, ""subclassid"": ""1"", ""back_test_type"": ""1"", ""sort_type"": ""0""}]"
帮我筛选出CCI通道死叉_短的新能源相关股票,"[{""date"": ""2025-12-04"", ""factor"": ""cci通道死叉_短"", ""id"": ""1248"", ""classid"": 3, ""subclassid"": ""6"", ""back_test_type"": ""1"", ""sort_type"": ""0""}, {""date"": ""2025-12-04"", ""factor"": ""新能源"", ""id"": ""294"", ""classid"": ""1"", ""subclassid"": ""2"", ""back_test_type"": ""2"", ""sort_type"": ""0""}]"
券商板块中连阳涌动的有哪些？,"[{""date"": ""2025-12-04"", ""factor"": ""券商"", ""id"": ""266"", ""classid"": 1, ""subclassid"": ""1"", ""back_test_type"": ""2"", ""sort_type"": ""0""}, {""date"": ""2025-12-04"", ""factor"": ""连阳涌动"", ""id"": ""3985"", ""classid"": 3, ""subclassid"": ""1"", ""back_test_type"": ""1"", ""sort_type"": ""0""}]"
帮我找5日换手变动新高，市值≤100亿，利润增长≥30%的股票,"[{""date"": ""2025-12-04"", ""factor"": ""5日换手变动新高"", ""id"": ""3854"", ""classid"": 3, ""subclassid"": ""9"", ""back_test_type"": ""1"", ""sort_type"": ""0""}, {""date"": ""2025-12-04"", ""factor"": ""总市值"", ""id"": ""c42<=100.0亿元"", ""classid"": ""1"", ""subclassid"": ""8"", ""back_test_type"": ""1"", ""sort"": ""升序"", ""sort_type"": ""1""}, {""date"": ""2025-12-04"", ""factor"": ""净利润增长"", ""id"": ""c103[1]>=30%"", ""classid"": ""3"", ""subclassid"": ""3"", ""back_test_type"": ""1"", ""sort_type"": ""0""}]"
OBV阶段新高的股票有哪些？,"[{""date"": ""2025-12-04"", ""factor"": ""obv阶段新高"", ""id"": ""1653"", ""classid"": 3, ""subclassid"": ""11"", ""back_test_type"": ""1"", ""sort_type"": ""0""}]"
算力股票有哪些？,"[{""date"": ""2025-12-04"", ""factor"": ""算力概念"", ""id"": ""790"", ""classid"": 1, ""subclassid"": ""2"", ""back_test_type"": ""2"", ""sort_type"": ""0""}]"
"前天涨停,昨天收大阴的票","[{""date"": ""2025-12-04"", ""factor"": ""前日涨停"", ""id"": ""6852"", ""classid"": 2, ""subclassid"": ""3"", ""back_test_type"": ""1"", ""sort_type"": ""0""}, {""formulaText"": ""选股: REF(C,1)/REF(C,2) < 0.95 AND REF(C,1) < REF(O,1);"", ""logicText"": ""昨日收大阴线"", ""back_test_type"": 1, ""sort_type"": 0, ""fieldMap"": {""昨日"": ""REF(C,1)"", ""大阴线"": ""C/REF(C,1) < 0.95 AND C < O""}, ""reverse_fieldMap"": {""REF(C,1)"": ""昨日"", ""C/REF(C,1) < 0.95 AND C < O"": ""大阴线""}, ""date"": ""2025-12-04""}]"
电力股有哪些,"[{""date"": ""2025-12-04"", ""factor"": ""电力"", ""id"": ""3405"", ""classid"": 1, ""subclassid"": ""11"", ""back_test_type"": ""2"", ""sort_type"": ""0""}]"
120日M-ATR异动，且高分红的股票有哪些,"[{""date"": ""2025-12-04"", ""factor"": ""120日m-atr异动"", ""id"": ""3822"", ""classid"": 3, ""subclassid"": ""1"", ""back_test_type"": ""1"", ""sort_type"": ""0""}, {""date"": ""2025-12-04"", ""factor"": ""高派息"", ""id"": ""175"", ""classid"": ""1"", ""subclassid"": ""3"", ""back_test_type"": ""2"", ""sort_type"": ""0""}]"
120日人气意愿高涨的小盘股，个股大资金流入,"[{""date"": ""2025-12-04"", ""factor"": ""120日人气意愿高涨"", ""id"": ""1900"", ""classid"": 3, ""subclassid"": ""12"", ""back_test_type"": ""1"", ""sort_type"": ""0""}, {""date"": ""2025-12-04"", ""factor"": ""小盘"", ""id"": ""142"", ""classid"": 1, ""subclassid"": ""3"", ""back_test_type"": ""2"", ""sort_type"": ""0""}, {""date"": ""2025-12-04"", ""factor"": ""超大单流入"", ""id"": ""1397"", ""classid"": 8, ""subclassid"": ""1"", ""back_test_type"": ""1"", ""sort_type"": ""0""}]"
MACD短期强金叉的股票,"[{""date"": ""2025-12-04"", ""factor"": ""macd短期强金叉"", ""id"": ""1525"", ""classid"": 3, ""subclassid"": ""3"", ""back_test_type"": ""1"", ""sort_type"": ""0""}]"
存储芯片概念中，近期5日内KD多次金叉的公司有哪些,"[{""date"": ""2025-12-04"", ""factor"": ""存储概念"", ""id"": ""3642"", ""classid"": ""1"", ""subclassid"": ""2"", ""back_test_type"": ""2"", ""sort_type"": ""0""}, {""date"": ""2025-12-04"", ""factor"": ""kd短期多金叉"", ""id"": ""1529"", ""classid"": 3, ""subclassid"": ""4"", ""back_test_type"": ""1"", ""sort_type"": ""0""}]"
高股息的核电SMR相关股票有哪些,"[{""date"": ""2025-12-05"", ""factor"": ""高股息股"", ""id"": ""7215"", ""classid"": 4, ""subclassid"": ""6"", ""back_test_type"": ""1"", ""sort_type"": ""0""}, {""date"": ""2025-12-05"", ""factor"": ""核电"", ""id"": ""329"", ""classid"": 1, ""subclassid"": ""2"", ""back_test_type"": ""2"", ""sort_type"": ""0""}]"
短期MATR杀跌的ST股，且业绩预告扭亏为盈,"[{""date"": ""2025-12-04"", ""factor"": ""短期matr杀跌"", ""id"": ""3931"", ""classid"": 3, ""subclassid"": ""1"", ""back_test_type"": ""1"", ""sort_type"": ""0""}, {""date"": ""2025-12-04"", ""factor"": ""st板块"", ""id"": ""651"", ""classid"": 1, ""subclassid"": ""2"", ""back_test_type"": ""2"", ""sort_type"": ""0""}, {""date"": ""2025-12-04"", ""factor"": ""业绩预告扭亏为盈"", ""id"": ""1171"", ""classid"": 5, ""subclassid"": ""1"", ""back_test_type"": ""1"", ""sort_type"": ""0""}]"
月度弱势的两阳夹一阴股票,"[{""date"": ""2025-12-04"", ""factor"": ""月度弱势"", ""id"": ""8"", ""classid"": 2, ""subclassid"": ""1"", ""back_test_type"": ""1"", ""sort_type"": ""0""}, {""date"": ""2025-12-04"", ""factor"": ""多方炮"", ""id"": ""60"", ""classid"": 3, ""subclassid"": ""1"", ""back_test_type"": ""1"", ""sort_type"": ""0""}]"
从2025年发布的中季报数据选出PSY大于60的人工智能板块上市公司,"[{""date"": ""2025-10-17"", ""factor"": ""PSY"", ""id"": ""c54>60"", ""classid"": ""2"", ""subclassid"": ""1"", ""back_test_type"": ""1"", ""sort_type"": ""0""}, {""date"": ""2025-12-05"", ""factor"": ""人工智能"", ""id"": ""415"", ""classid"": 1, ""subclassid"": ""2"", ""back_test_type"": ""2"", ""sort_type"": ""0""}]"
红太阳的股票有哪些,"[{""date"": ""2025-12-04"", ""factor"": ""红太阳"", ""id"": ""68"", ""classid"": 3, ""subclassid"": ""1"", ""back_test_type"": ""1"", ""sort_type"": ""0""}]"
近二百五十日成交量创近期新高的股票,"[{""date"": ""2025-12-04"", ""factor"": ""250日高量"", ""id"": ""1387"", ""classid"": 3, ""subclassid"": ""9"", ""back_test_type"": ""1"", ""sort_type"": ""0""}]"
30日量价波动预警的股票,"[{""date"": ""2025-12-04"", ""factor"": ""30日量价波动预警"", ""id"": ""1711"", ""classid"": 2, ""subclassid"": ""5"", ""back_test_type"": ""1"", ""sort_type"": ""0""}]"
出现光脚阳线的宠物消费股有哪些,"[{""date"": ""2025-12-04"", ""factor"": ""光脚阳线"", ""id"": ""1339"", ""classid"": 3, ""subclassid"": ""1"", ""back_test_type"": ""1"", ""sort_type"": ""0""}, {""date"": ""2025-12-04"", ""factor"": ""宠物经济"", ""id"": ""820"", ""classid"": ""1"", ""subclassid"": ""2"", ""back_test_type"": ""2"", ""sort_type"": ""0""}]"
找出持续放量的股票,"[{""date"": ""2025-12-04"", ""factor"": ""量能持续放大"", ""id"": ""121"", ""classid"": 3, ""subclassid"": ""9"", ""back_test_type"": ""1"", ""sort_type"": ""0""}]"
券商板块中超大阳线的有哪些？,"[{""date"": ""2025-12-04"", ""factor"": ""券商"", ""id"": ""266"", ""classid"": 1, ""subclassid"": ""1"", ""back_test_type"": ""2"", ""sort_type"": ""0""}, {""date"": ""2025-12-04"", ""factor"": ""超大阳线"", ""id"": ""3989"", ""classid"": 3, ""subclassid"": ""1"", ""back_test_type"": ""1"", ""sort_type"": ""0""}]"
10日线长期波幅新高的股票有哪些,"[{""date"": ""2025-12-04"", ""factor"": ""10日线长期波幅新高"", ""id"": ""1761"", ""classid"": 3, ""subclassid"": ""2"", ""back_test_type"": ""1"", ""sort_type"": ""0""}]"
"均线多头排列,量比大于2,换手率大于百分之十的股票","[{""date"": ""2025-12-04"", ""factor"": ""短期均线多头"", ""id"": ""73"", ""classid"": ""3"", ""subclassid"": ""2"", ""back_test_type"": ""1"", ""sort_type"": ""0""}, {""date"": ""2025-12-04"", ""factor"": ""量比"", ""id"": ""c39>2"", ""classid"": ""1"", ""subclassid"": ""7"", ""back_test_type"": ""1"", ""sort_type"": ""0""}, {""date"": ""2025-12-04"", ""factor"": ""1日换手率"", ""id"": ""c37[1]>10%"", ""classid"": ""1"", ""subclassid"": ""6"", ""back_test_type"": ""2"", ""sort"": ""降序"", ""sort_type"": ""2""}]"
20日乖离波动预警的小盘股，个股大资金流入,"[{""date"": ""2025-12-04"", ""factor"": ""20日乖离波动预警"", ""id"": ""1890"", ""classid"": 3, ""subclassid"": ""10"", ""back_test_type"": ""1"", ""sort_type"": ""0""}, {""date"": ""2025-12-04"", ""factor"": ""小盘"", ""id"": ""142"", ""classid"": 1, ""subclassid"": ""3"", ""back_test_type"": ""2"", ""sort_type"": ""0""}, {""date"": ""2025-12-04"", ""factor"": ""超大单流入"", ""id"": ""1397"", ""classid"": 8, ""subclassid"": ""1"", ""back_test_type"": ""1"", ""sort_type"": ""0""}]"
一阳指形态的股票有哪些？,"[{""date"": ""2025-12-04"", ""factor"": ""一阳指"", ""id"": ""1152"", ""classid"": 3, ""subclassid"": ""1"", ""back_test_type"": ""1"", ""sort_type"": ""0""}]"
30日乖离波动预警且市盈率最低的十只股票,"[{""date"": ""2025-12-04"", ""factor"": ""30日乖离波动预警"", ""id"": ""1891"", ""classid"": 3, ""subclassid"": ""10"", ""back_test_type"": ""1"", ""sort_type"": ""0""}, {""date"": ""2025-12-04"", ""factor"": ""动态市盈率"", ""id"": ""c49"", ""classid"": ""1"", ""subclassid"": ""10"", ""back_test_type"": ""1"", ""sort"": ""升序"", ""sort_type"": ""1"", ""limit"": ""10""}]"
120日下破预警的股票有哪些,"[{""date"": ""2025-12-04"", ""factor"": ""120日下破预警"", ""id"": ""3687"", ""classid"": 3, ""subclassid"": ""1"", ""back_test_type"": ""1"", ""sort_type"": ""0""}]"
5到10元电力股有唧些,"[{""date"": ""2025-12-04"", ""factor"": ""收盘价_不复权"", ""id"": ""c4>=5"", ""classid"": """", ""subclassid"": """", ""back_test_type"": ""1"", ""sort_type"": ""0""}, {""date"": ""2025-12-04"", ""factor"": ""收盘价_不复权"", ""id"": ""c4<=10"", ""classid"": """", ""subclassid"": """", ""back_test_type"": ""1"", ""sort_type"": ""0""}, {""date"": ""2025-12-04"", ""factor"": ""电力"", ""id"": ""3405"", ""classid"": 1, ""subclassid"": ""11"", ""back_test_type"": ""2"", ""sort_type"": ""0""}]"
20日连阴新低的上市公司有哪些？,"[{""date"": ""2025-12-04"", ""factor"": ""20日连阴新低"", ""id"": ""1439"", ""classid"": 3, ""subclassid"": ""1"", ""back_test_type"": ""1"", ""sort_type"": ""0""}]"
营业总收入同比增长10%的股票,"[{""date"": ""2025-12-04"", ""factor"": ""营业总收入同比增长"", ""id"": ""4223"", ""classid"": 4, ""subclassid"": ""2"", ""back_test_type"": ""1"", ""sort_type"": ""0""}]"
中国异常波动的上市公司是,"[{""date"": ""2025-12-04"", ""factor"": ""异常波动"", ""id"": ""3819"", ""classid"": 3, ""subclassid"": ""1"", ""back_test_type"": ""1"", ""sort_type"": ""0""}]"
连续小阳上涨个股,"[{""date"": ""2025-12-04"", ""factor"": ""连续小碎阳"", ""id"": ""1206"", ""classid"": 3, ""subclassid"": ""1"", ""back_test_type"": ""1"", ""sort_type"": ""0""}]"
5日乖离新高的股票有哪些，能炒吗,"[{""date"": ""2025-12-04"", ""factor"": ""5日乖离新高"", ""id"": ""1577"", ""classid"": 3, ""subclassid"": ""10"", ""back_test_type"": ""1"", ""sort_type"": ""0""}]"
涉及CCI空头60日释放的上市公司有哪些,"[{""date"": ""2025-12-04"", ""factor"": ""cci空头60日释放"", ""id"": ""1825"", ""classid"": 3, ""subclassid"": ""6"", ""back_test_type"": ""1"", ""sort_type"": ""0""}]"
沪股通买入的股票，市值大于200亿,"[{""date"": ""2025-12-04"", ""factor"": ""沪股通买入"", ""id"": ""4089"", ""classid"": 8, ""subclassid"": ""4"", ""back_test_type"": ""2"", ""sort_type"": ""0""}, {""date"": ""2025-12-04"", ""factor"": ""总市值"", ""id"": ""c42>200.0亿元"", ""classid"": ""1"", ""subclassid"": ""8"", ""back_test_type"": ""1"", ""sort"": ""降序"", ""sort_type"": ""2""}]"
今天曾涨停但收盘未封板，且静态市销率小于5,"[{""date"": ""2025-12-05"", ""factor"": ""当日炸板"", ""id"": ""1148"", ""classid"": ""2"", ""subclassid"": ""3"", ""back_test_type"": ""1"", ""sort_type"": ""0""}, {""date"": ""2025-12-05"", ""factor"": ""静态市销率"", ""id"": ""c52<5"", ""classid"": ""1"", ""subclassid"": ""10"", ""back_test_type"": ""1"", ""sort"": ""升序"", ""sort_type"": ""1""}]"
营业总利润稳步提高，且涨幅大于4%,"[{""date"": ""2025-12-04"", ""factor"": ""营业总利润稳步提高"", ""id"": ""901"", ""classid"": 4, ""subclassid"": ""2"", ""back_test_type"": ""1"", ""sort_type"": ""0""}, {""date"": ""2025-12-04"", ""factor"": ""1日涨幅"", ""id"": ""c24[1]>4%"", ""classid"": ""1"", ""subclassid"": ""2"", ""back_test_type"": ""1"", ""sort"": ""降序"", ""sort_type"": ""2""}]"
30日带量上攻的储能板块股票有哪些,"[{""date"": ""2025-12-04"", ""factor"": ""30日带量上攻"", ""id"": ""3692"", ""classid"": 3, ""subclassid"": ""1"", ""back_test_type"": ""1"", ""sort_type"": ""0""}, {""date"": ""2025-12-04"", ""factor"": ""储能"", ""id"": ""219"", ""classid"": 1, ""subclassid"": ""2"", ""back_test_type"": ""2"", ""sort_type"": ""0""}]"
今天技术面反弹的股票有哪些,"[{""date"": ""2025-12-04"", ""factor"": ""阳包阴"", ""id"": ""62"", ""classid"": ""3"", ""subclassid"": ""1"", ""back_test_type"": ""1"", ""sort_type"": ""0""}]"
找出10日阴线追踪的个股,"[{""date"": ""2025-12-04"", ""factor"": ""10日阴线追踪"", ""id"": ""4045"", ""classid"": 3, ""subclassid"": ""10"", ""back_test_type"": ""1"", ""sort_type"": ""0""}]"
cpo和pcb龙头,"[{""date"": ""2025-12-04"", ""factor"": ""cpo概念"", ""id"": ""987"", ""classid"": 1, ""subclassid"": ""2"", ""back_test_type"": ""2"", ""sort_type"": ""0""}, {""date"": ""2025-12-04"", ""factor"": ""pcb概念"", ""id"": ""660"", ""classid"": 1, ""subclassid"": ""2"", ""back_test_type"": ""2"", ""sort_type"": ""0""}, {""date"": ""2025-12-04"", ""factor"": ""茅概念"", ""id"": ""748"", ""classid"": ""1"", ""subclassid"": ""2"", ""back_test_type"": ""2"", ""sort_type"": ""0""}]"
帮我推荐空头爆发的液冷股票,"[{""date"": ""2025-12-04"", ""factor"": ""空头爆发"", ""id"": ""4038"", ""classid"": 3, ""subclassid"": ""10"", ""back_test_type"": ""1"", ""sort_type"": ""0""}, {""date"": ""2025-12-04"", ""factor"": ""液冷概念"", ""id"": ""1469"", ""classid"": 1, ""subclassid"": ""2"", ""back_test_type"": ""2"", ""sort_type"": ""0""}]"
选出90日波动最大的前5只股。,"[{""date"": ""2025-12-04"", ""factor"": ""90日波动"", ""id"": ""1721"", ""classid"": ""2"", ""subclassid"": ""5"", ""back_test_type"": ""1"", ""sort"": ""降序"", ""sort_type"": ""2"", ""limit"": ""5""}]"
股息率最高的股份制银行,"[{""date"": ""2025-12-04"", ""factor"": ""股份制银行ⅱ"", ""id"": ""3451"", ""classid"": 1, ""subclassid"": ""11"", ""back_test_type"": ""2"", ""sort_type"": ""0""}, {""date"": ""2025-12-04"", ""factor"": ""股息率"", ""id"": ""c122"", ""classid"": ""3"", ""subclassid"": ""3"", ""back_test_type"": ""1"", ""sort_type"": ""0""}]"
"机器人概念中,哪个应用最广泛,行业占据优势的股票","[{""date"": ""2025-12-04"", ""factor"": ""机器人概念"", ""id"": ""2741"", ""classid"": 1, ""subclassid"": ""2"", ""back_test_type"": ""2"", ""sort_type"": ""0""}, {""date"": ""2025-12-04"", ""factor"": ""茅概念"", ""id"": ""748"", ""classid"": ""1"", ""subclassid"": ""2"", ""back_test_type"": ""2"", ""sort_type"": ""0""}]"
选出9月3日阴线诱空股；非st板；非科创板,"[{""date"": ""2025-09-03"", ""factor"": ""阴线诱空"", ""id"": ""1722"", ""classid"": ""3"", ""subclassid"": ""1"", ""back_test_type"": ""1"", ""sort_type"": ""0""}, {""date"": ""2025-12-04"", ""factor"": ""非ST板块"", ""id"": ""!651"", ""classid"": ""1"", ""subclassid"": ""2"", ""back_test_type"": ""2"", ""sort_type"": ""0""}, {""date"": ""2025-12-04"", ""factor"": ""非科创板"", ""id"": ""7349"", ""classid"": 1, ""subclassid"": ""7"", ""back_test_type"": ""1"", ""sort_type"": ""0""}]"
20日BIAS积极且与核电相关的股票,"[{""date"": ""2025-12-04"", ""factor"": ""20日bias积极"", ""id"": ""3743"", ""classid"": 3, ""subclassid"": ""10"", ""back_test_type"": ""1"", ""sort_type"": ""0""}, {""date"": ""2025-12-04"", ""factor"": ""核电"", ""id"": ""329"", ""classid"": 1, ""subclassid"": ""2"", ""back_test_type"": ""2"", ""sort_type"": ""0""}]"
商业航天股票有哪些多空波段的,"[{""date"": ""2025-12-04"", ""factor"": ""商业航天（航天航空）"", ""id"": ""224"", ""classid"": ""1"", ""subclassid"": ""2"", ""back_test_type"": ""2"", ""sort_type"": ""0""}, {""date"": ""2025-12-04"", ""factor"": ""多空波段"", ""id"": ""3963"", ""classid"": 3, ""subclassid"": ""1"", ""back_test_type"": ""1"", ""sort_type"": ""0""}]"
商业航天股票有哪些中期MATR低迷的,"[{""date"": ""2025-12-04"", ""factor"": ""商业航天（航天航空）"", ""id"": ""224"", ""classid"": ""1"", ""subclassid"": ""2"", ""back_test_type"": ""2"", ""sort_type"": ""0""}, {""date"": ""2025-12-04"", ""factor"": ""中期matr低迷"", ""id"": ""3964"", ""classid"": 3, ""subclassid"": ""1"", ""back_test_type"": ""1"", ""sort_type"": ""0""}]"
30日连阴新低的上市公司有哪些？,"[{""date"": ""2025-12-04"", ""factor"": ""30日连阴新低"", ""id"": ""1440"", ""classid"": 3, ""subclassid"": ""1"", ""back_test_type"": ""1"", ""sort_type"": ""0""}]"
5日换手变动低迷的创新材料类上市公司有哪些？,"[{""date"": ""2025-12-04"", ""factor"": ""5日换手变动低迷"", ""id"": ""3862"", ""classid"": 3, ""subclassid"": ""9"", ""back_test_type"": ""1"", ""sort_type"": ""0""}, {""date"": ""2025-12-04"", ""factor"": ""新材料"", ""id"": ""276"", ""classid"": 1, ""subclassid"": ""2"", ""back_test_type"": ""2"", ""sort_type"": ""0""}]"
5日乖离波动预警且市盈率最低的十只股票,"[{""date"": ""2025-12-04"", ""factor"": ""5日乖离波动预警"", ""id"": ""1888"", ""classid"": 3, ""subclassid"": ""10"", ""back_test_type"": ""1"", ""sort_type"": ""0""}, {""date"": ""2025-12-04"", ""factor"": ""动态市盈率"", ""id"": ""c49"", ""classid"": ""1"", ""subclassid"": ""10"", ""back_test_type"": ""1"", ""sort"": ""升序"", ""sort_type"": ""1"", ""limit"": ""10""}]"
短线阿尔法002相关的核电SMR股票有哪些,"[{""date"": ""2025-12-05"", ""factor"": ""短线阿尔法002"", ""id"": ""7097"", ""classid"": 10, ""subclassid"": ""4"", ""back_test_type"": ""1"", ""sort_type"": ""0""}, {""date"": ""2025-12-05"", ""factor"": ""核电"", ""id"": ""329"", ""classid"": 1, ""subclassid"": ""2"", ""back_test_type"": ""2"", ""sort_type"": ""0""}]"
低位10日BIAS异动上穿20日线,"[{""date"": ""2025-12-04"", ""factor"": ""10日bias异动"", ""id"": ""3734"", ""classid"": 3, ""subclassid"": ""10"", ""back_test_type"": ""1"", ""sort_type"": ""0""}, {""date"": ""2025-12-04"", ""factor"": ""上穿20日线"", ""id"": ""1508"", ""classid"": 3, ""subclassid"": ""2"", ""back_test_type"": ""1"", ""sort_type"": ""0""}]"
近六十日成交量创近期新高的股票,"[{""date"": ""2025-12-04"", ""factor"": ""60日高量"", ""id"": ""1385"", ""classid"": 3, ""subclassid"": ""9"", ""back_test_type"": ""1"", ""sort_type"": ""0""}]"
有哪些上影线反包形态的个股,"[{""date"": ""2025-12-04"", ""factor"": ""上影线反包"", ""id"": ""1203"", ""classid"": 3, ""subclassid"": ""1"", ""back_test_type"": ""1"", ""sort_type"": ""0""}]"
5日下破预警的股票有哪些,"[{""date"": ""2025-12-04"", ""factor"": ""5日下破预警"", ""id"": ""3682"", ""classid"": 3, ""subclassid"": ""1"", ""back_test_type"": ""1"", ""sort_type"": ""0""}]"
选出20日相对活跃的股票,"[{""date"": ""2025-12-04"", ""factor"": ""20日相对活跃"", ""id"": ""1690"", ""classid"": 2, ""subclassid"": ""1"", ""back_test_type"": ""1"", ""sort_type"": ""0""}]"
营业总利润高速增长的股票,"[{""date"": ""2025-12-04"", ""factor"": ""营业总利润高速增长"", ""id"": ""900"", ""classid"": 4, ""subclassid"": ""2"", ""back_test_type"": ""1"", ""sort_type"": ""0""}]"
近五日持续上涨的股票,"[{""date"": ""2025-12-04"", ""factor"": ""5连阳"", ""id"": ""3986"", ""classid"": ""3"", ""subclassid"": ""1"", ""back_test_type"": ""1"", ""sort_type"": ""0""}]"
请提供与上穿年线相关的在主板的优质股,"[{""date"": ""2025-12-04"", ""factor"": ""上穿年线"", ""id"": ""1512"", ""classid"": 3, ""subclassid"": ""2"", ""back_test_type"": ""1"", ""sort_type"": ""0""}, {""date"": ""2025-12-04"", ""factor"": ""沪深主板等权"", ""id"": ""942"", ""classid"": 1, ""subclassid"": ""7"", ""back_test_type"": ""1"", ""sort_type"": ""0""}]"
找出底部十字星股票,"[{""date"": ""2025-12-04"", ""factor"": ""早晨之星"", ""id"": ""63"", ""classid"": 3, ""subclassid"": ""1"", ""back_test_type"": ""1"", ""sort_type"": ""0""}]"
"量比>1,市值50亿内,MACD金叉,股价10元之内的股票","[{""date"": ""2025-12-04"", ""factor"": ""量比"", ""id"": ""c39>1"", ""classid"": ""1"", ""subclassid"": ""7"", ""back_test_type"": ""1"", ""sort_type"": ""0""}, {""date"": ""2025-12-04"", ""factor"": ""总市值"", ""id"": ""c42<=50.0亿元"", ""classid"": ""1"", ""subclassid"": ""8"", ""back_test_type"": ""1"", ""sort"": ""升序"", ""sort_type"": ""1""}, {""date"": ""2025-12-04"", ""factor"": ""macd金叉"", ""id"": ""84"", ""classid"": 3, ""subclassid"": ""3"", ""back_test_type"": ""1"", ""sort_type"": ""0""}, {""date"": ""2025-12-04"", ""factor"": ""收盘价_不复权"", ""id"": ""c4<=10"", ""classid"": """", ""subclassid"": """", ""back_test_type"": ""1"", ""sort_type"": ""0""}]"
3日超大单流出的个股有哪些？,"[{""date"": ""2025-12-04"", ""factor"": ""3日超大单流出"", ""id"": ""1404"", ""classid"": 8, ""subclassid"": ""1"", ""back_test_type"": ""1"", ""sort_type"": ""0""}]"
券商股龙头企业中出现250日价格突变的股票,"[{""date"": ""2025-12-04"", ""factor"": ""券商"", ""id"": ""266"", ""classid"": 1, ""subclassid"": ""1"", ""back_test_type"": ""2"", ""sort_type"": ""0""}, {""date"": ""2025-12-04"", ""factor"": ""250日价格突变"", ""id"": ""3681"", ""classid"": 3, ""subclassid"": ""1"", ""back_test_type"": ""1"", ""sort_type"": ""0""}]"
ATR中期新高，资金加速流入，MACD多头，生成策略,"[{""date"": ""2025-12-04"", ""factor"": ""atr中期新高"", ""id"": ""3811"", ""classid"": 3, ""subclassid"": ""1"", ""back_test_type"": ""1"", ""sort_type"": ""0""}, {""date"": ""2025-12-04"", ""factor"": ""资金加速流入"", ""id"": ""1271"", ""classid"": 8, ""subclassid"": ""1"", ""back_test_type"": ""1"", ""sort_type"": ""0""}, {""date"": ""2025-12-04"", ""factor"": ""macd多头"", ""id"": ""94"", ""classid"": 3, ""subclassid"": ""3"", ""back_test_type"": ""1"", ""sort_type"": ""0""}]"
cpo股票龙头,"[{""date"": ""2025-12-04"", ""factor"": ""cpo概念"", ""id"": ""987"", ""classid"": 1, ""subclassid"": ""2"", ""back_test_type"": ""2"", ""sort_type"": ""0""}, {""date"": ""2025-12-04"", ""factor"": ""月度强势"", ""id"": ""3"", ""classid"": 2, ""subclassid"": ""1"", ""back_test_type"": ""1"", ""sort_type"": ""0""}]"
半导体中放量涨停的龙头股有哪些,"[{""date"": ""2025-12-04"", ""factor"": ""半导体"", ""id"": ""547"", ""classid"": 1, ""subclassid"": ""2"", ""back_test_type"": ""2"", ""sort_type"": ""0""}, {""date"": ""2025-12-04"", ""factor"": ""放量涨停"", ""id"": ""1413"", ""classid"": 2, ""subclassid"": ""3"", ""back_test_type"": ""1"", ""sort_type"": ""0""}, {""date"": ""2025-12-04"", ""factor"": ""月度强势"", ""id"": ""3"", ""classid"": ""2"", ""subclassid"": ""1"", ""back_test_type"": ""1"", ""sort_type"": ""0""}]"
帮我选出逼近250日高点，涨幅超过5%的股票,"[{""date"": ""2025-12-04"", ""factor"": ""逼近250日高点"", ""id"": ""3710"", ""classid"": 3, ""subclassid"": ""1"", ""back_test_type"": ""1"", ""sort_type"": ""0""}, {""date"": ""2025-12-04"", ""factor"": ""1日涨幅"", ""id"": ""c24[1]>5%"", ""classid"": ""1"", ""subclassid"": ""2"", ""back_test_type"": ""1"", ""sort"": ""降序"", ""sort_type"": ""2""}]"
回踩布林线中轨的企业有哪些？,"[{""date"": ""2025-12-04"", ""factor"": ""回踩中轨"", ""id"": ""111"", ""classid"": 3, ""subclassid"": ""8"", ""back_test_type"": ""1"", ""sort_type"": ""0""}]"
20日M-ATR强劲，且业绩增长的股票有哪些,"[{""date"": ""2025-12-04"", ""factor"": ""20日m-atr强劲"", ""id"": ""3800"", ""classid"": 3, ""subclassid"": ""1"", ""back_test_type"": ""1"", ""sort_type"": ""0""}, {""date"": ""2025-12-04"", ""factor"": ""净利润增长"", ""id"": ""c103[1]>0"", ""classid"": ""3"", ""subclassid"": ""3"", ""back_test_type"": ""1"", ""sort_type"": ""0""}]"
请选出出现120日BIAS高涨信号的个股,"[{""date"": ""2025-12-04"", ""factor"": ""120日bias高涨"", ""id"": ""3770"", ""classid"": 3, ""subclassid"": ""10"", ""back_test_type"": ""1"", ""sort_type"": ""0""}]"
沪深两市一年新低的半导体设备公司有哪些,"[{""date"": ""2025-12-04"", ""factor"": ""一年新低"", ""id"": ""41"", ""classid"": 2, ""subclassid"": ""4"", ""back_test_type"": ""1"", ""sort_type"": ""0""}, {""date"": ""2025-12-04"", ""factor"": ""半导体设备"", ""id"": ""1686"", ""classid"": 1, ""subclassid"": ""2"", ""back_test_type"": ""2"", ""sort_type"": ""0""}, {""date"": ""2025-12-04"", ""factor"": ""沪市等权|深市等权"", ""id"": ""846|847"", ""classid"": ""1"", ""subclassid"": ""7"", ""back_test_type"": ""1"", ""sort_type"": ""0""}, {""date"": ""2025-12-04"", ""factor"": ""一年新低"", ""id"": ""41"", ""classid"": 2, ""subclassid"": ""4"", ""back_test_type"": ""1"", ""sort_type"": ""0""}, {""date"": ""2025-12-04"", ""factor"": ""半导体设备"", ""id"": ""1686"", ""classid"": 1, ""subclassid"": ""2"", ""back_test_type"": ""2"", ""sort_type"": ""0""}, {""date"": ""2025-12-04"", ""factor"": ""沪市等权|深市等权"", ""id"": ""846|847"", ""classid"": ""1"", ""subclassid"": ""7"", ""back_test_type"": ""1"", ""sort_type"": ""0""}]"
帮我筛选出属于10日VOL中时序预警的股票,"[{""date"": ""2025-12-04"", ""factor"": ""10日vol中时序预警"", ""id"": ""1861"", ""classid"": 3, ""subclassid"": ""9"", ""back_test_type"": ""1"", ""sort_type"": ""0""}]"
30日M-ATR异动，资金加速流入，MACD多头，生成策略,"[{""date"": ""2025-12-04"", ""factor"": ""30日m-atr异动"", ""id"": ""3806"", ""classid"": 3, ""subclassid"": ""1"", ""back_test_type"": ""1"", ""sort_type"": ""0""}, {""date"": ""2025-12-04"", ""factor"": ""资金加速流入"", ""id"": ""1271"", ""classid"": 8, ""subclassid"": ""1"", ""back_test_type"": ""1"", ""sort_type"": ""0""}, {""date"": ""2025-12-04"", ""factor"": ""macd多头"", ""id"": ""94"", ""classid"": 3, ""subclassid"": ""3"", ""back_test_type"": ""1"", ""sort_type"": ""0""}]"
阳包阴的股票有哪些,"[{""date"": ""2025-12-04"", ""factor"": ""阳包阴"", ""id"": ""62"", ""classid"": 3, ""subclassid"": ""1"", ""back_test_type"": ""1"", ""sort_type"": ""0""}]"
推荐低价位且有发展潜力的商誉资产比例低的股票！,"[{""date"": ""2025-12-04"", ""factor"": ""低价"", ""id"": ""148"", ""classid"": 1, ""subclassid"": ""3"", ""back_test_type"": ""2"", ""sort_type"": ""0""}, {""date"": ""2025-12-04"", ""factor"": ""商誉资产比例低"", ""id"": ""923"", ""classid"": 4, ""subclassid"": ""3"", ""back_test_type"": ""1"", ""sort_type"": ""0""}]"
存储芯片概念中，KD在高位多次出现金叉的公司有哪些,"[{""date"": ""2025-12-04"", ""factor"": ""存储概念"", ""id"": ""3642"", ""classid"": ""1"", ""subclassid"": ""2"", ""back_test_type"": ""2"", ""sort_type"": ""0""}, {""date"": ""2025-12-04"", ""factor"": ""kd高位多次金叉"", ""id"": ""1545"", ""classid"": 3, ""subclassid"": ""4"", ""back_test_type"": ""1"", ""sort_type"": ""0""}]"
60日内有连板且和消费电子直接关联的有哪些股票,"[{""date"": ""2025-12-04"", ""factor"": ""60日有连板"", ""id"": ""1372"", ""classid"": 2, ""subclassid"": ""3"", ""back_test_type"": ""1"", ""sort_type"": ""0""}, {""date"": ""2025-12-04"", ""factor"": ""消费电子"", ""id"": ""648"", ""classid"": 1, ""subclassid"": ""2"", ""back_test_type"": ""2"", ""sort_type"": ""0""}]"
与固态电池相关的股票有哪些,"[{""date"": ""2025-12-04"", ""factor"": ""固态电池"", ""id"": ""663"", ""classid"": 1, ""subclassid"": ""2"", ""back_test_type"": ""2"", ""sort_type"": ""0""}]"
华为做人形机器人的亲儿子是那家上市公司,"[{""date"": ""2025-12-04"", ""factor"": ""华为概念"", ""id"": ""617"", ""classid"": 1, ""subclassid"": ""2"", ""back_test_type"": ""2"", ""sort_type"": ""0""}, {""date"": ""2025-12-04"", ""factor"": ""人形机器人"", ""id"": ""7030"", ""classid"": 1, ""subclassid"": ""2"", ""back_test_type"": ""2"", ""sort_type"": ""0""}]"
今天低市净率且成交额达10亿的股票,"[{""date"": ""2025-12-04"", ""factor"": ""低市净率"", ""id"": ""955"", ""classid"": 4, ""subclassid"": ""6"", ""back_test_type"": ""1"", ""sort_type"": ""0""}, {""date"": ""2025-12-04"", ""factor"": ""1日均成交额"", ""id"": ""c33[1]>=1000000000"", ""classid"": ""1"", ""subclassid"": ""4"", ""back_test_type"": ""1"", ""sort_type"": ""0""}]"
中国60日M-ATR强劲的上市公司是,"[{""date"": ""2025-12-04"", ""factor"": ""60日m-atr强劲"", ""id"": ""3816"", ""classid"": 3, ""subclassid"": ""1"", ""back_test_type"": ""1"", ""sort_type"": ""0""}]"
明年大概率转增或高送转且总市值高于行业均值的公司,"[{""date"": ""2025-12-04"", ""factor"": ""高送转"", ""id"": ""445"", ""classid"": 1, ""subclassid"": ""2"", ""back_test_type"": ""2"", ""sort_type"": ""0""}, {""date"": ""2025-12-04"", ""factor"": ""总市值高于行业均值"", ""id"": ""959"", ""classid"": 2, ""subclassid"": ""8"", ""back_test_type"": ""1"", ""sort_type"": ""0""}]"
目前K线呈5日M-ATR强突形态的股票有哪些？,"[{""date"": ""2025-12-04"", ""factor"": ""5日m-atr强突"", ""id"": ""3788"", ""classid"": 3, ""subclassid"": ""1"", ""back_test_type"": ""1"", ""sort_type"": ""0""}]"
0——10元；市值10——20亿；BOLL变动连续走低,"[{""date"": ""2025-12-04"", ""factor"": ""收盘价_不复权"", ""id"": ""c4>=0"", ""classid"": """", ""subclassid"": """", ""back_test_type"": ""1"", ""sort_type"": ""0""}, {""date"": ""2025-12-04"", ""factor"": ""收盘价_不复权"", ""id"": ""c4<=10"", ""classid"": """", ""subclassid"": """", ""back_test_type"": ""1"", ""sort_type"": ""0""}, {""date"": ""2025-12-04"", ""factor"": ""总市值"", ""id"": ""c42>=10.0亿元"", ""classid"": """", ""subclassid"": """", ""back_test_type"": ""1"", ""sort_type"": ""0""}, {""date"": ""2025-12-04"", ""factor"": ""总市值"", ""id"": ""c42<=20.0亿元"", ""classid"": """", ""subclassid"": """", ""back_test_type"": ""1"", ""sort_type"": ""0""}, {""date"": ""2025-12-04"", ""factor"": ""boll变动连续走低"", ""id"": ""1852"", ""classid"": 3, ""subclassid"": ""8"", ""back_test_type"": ""1"", ""sort_type"": ""0""}]"
请找出10日M-ATR爆发的股票,"[{""date"": ""2025-12-04"", ""factor"": ""10日m-atr爆发"", ""id"": ""3797"", ""classid"": 3, ""subclassid"": ""1"", ""back_test_type"": ""1"", ""sort_type"": ""0""}]"
增量超大_超大买增量大于2，均线多头排列，股价在5日均线上，主板，非ST,"[{""date"": ""2025-12-05"", ""factor"": ""增量超大_超大买增量"", ""id"": ""c69>2"", ""classid"": ""2"", ""subclassid"": ""2"", ""back_test_type"": ""1"", ""sort_type"": ""0""}, {""date"": ""2025-12-05"", ""factor"": ""短期均线多头"", ""id"": ""73"", ""classid"": 3, ""subclassid"": ""2"", ""back_test_type"": ""1"", ""sort_type"": ""0""}, {""date"": ""2025-12-05"", ""factor"": ""收盘价不复权"", ""id"": ""c4>c21[4]"", ""classid"": """", ""subclassid"": """", ""back_test_type"": ""1"", ""sort_type"": ""0""}, {""date"": ""2025-12-05"", ""factor"": ""沪深主板等权"", ""id"": ""942"", ""classid"": 1, ""subclassid"": ""7"", ""back_test_type"": ""1"", ""sort_type"": ""0""}, {""date"": ""2025-12-05"", ""factor"": ""非ST板块"", ""id"": ""!651"", ""classid"": ""1"", ""subclassid"": ""2"", ""back_test_type"": ""2"", ""sort_type"": ""0""}]"
现在有5日资金流出新高的股票,"[{""date"": ""2025-12-04"", ""factor"": ""5日资金流出新高"", ""id"": ""1274"", ""classid"": 8, ""subclassid"": ""1"", ""back_test_type"": ""1"", ""sort_type"": ""0""}]"
2025年社保基金持股的芯片公司有哪些？,"[{""date"": ""2025-12-04"", ""factor"": ""社保重仓"", ""id"": ""153"", ""classid"": ""1"", ""subclassid"": ""3"", ""back_test_type"": ""2"", ""sort_type"": ""0""}, {""date"": ""2025-12-04"", ""factor"": ""芯片概念"", ""id"": ""627"", ""classid"": 1, ""subclassid"": ""2"", ""back_test_type"": ""2"", ""sort_type"": ""0""}]"
请查询2025-10-22换手率30日变动积极的股票,"[{""date"": ""2025-10-22"", ""factor"": ""30日换手变动积极"", ""id"": ""3920"", ""classid"": ""3"", ""subclassid"": ""9"", ""back_test_type"": ""1"", ""sort_type"": ""0""}]"
北交所的半导体概念股票,"[{""date"": ""2025-12-04"", ""factor"": ""北交所等权"", ""id"": ""865"", ""classid"": 1, ""subclassid"": ""7"", ""back_test_type"": ""1"", ""sort_type"": ""0""}, {""date"": ""2025-12-04"", ""factor"": ""半导体"", ""id"": ""547"", ""classid"": 1, ""subclassid"": ""2"", ""back_test_type"": ""2"", ""sort_type"": ""0""}]"
中期人气活跃的小盘股，个股大资金流入,"[{""date"": ""2025-12-04"", ""factor"": ""中期人气活跃"", ""id"": ""1897"", ""classid"": 3, ""subclassid"": ""12"", ""back_test_type"": ""1"", ""sort_type"": ""0""}, {""date"": ""2025-12-04"", ""factor"": ""小盘"", ""id"": ""142"", ""classid"": 1, ""subclassid"": ""3"", ""back_test_type"": ""2"", ""sort_type"": ""0""}, {""date"": ""2025-12-04"", ""factor"": ""超大单流入"", ""id"": ""1397"", ""classid"": 8, ""subclassid"": ""1"", ""back_test_type"": ""1"", ""sort_type"": ""0""}]"
死叉回落60日高，且涨幅超过10%,"[{""date"": ""2025-12-04"", ""factor"": ""死叉回落60日高"", ""id"": ""4008"", ""classid"": 3, ""subclassid"": ""9"", ""back_test_type"": ""1"", ""sort_type"": ""0""}, {""date"": ""2025-12-04"", ""factor"": ""1日涨幅"", ""id"": ""c24[1]>10%"", ""classid"": ""1"", ""subclassid"": ""2"", ""back_test_type"": ""1"", ""sort"": ""降序"", ""sort_type"": ""2""}]"
"请筛选券商股中毛老板卖出,总市值100亿以下,一个月内涨幅小于百分之十的股票","[{""date"": ""2025-12-05"", ""factor"": ""券商"", ""id"": ""266"", ""classid"": 1, ""subclassid"": ""1"", ""back_test_type"": ""2"", ""sort_type"": ""0""}, {""date"": ""2025-12-05"", ""factor"": ""毛老板卖出"", ""id"": ""7264"", ""classid"": 8, ""subclassid"": ""4"", ""back_test_type"": ""2"", ""sort_type"": ""0""}, {""date"": ""2025-12-05"", ""factor"": ""总市值"", ""id"": ""c42<100.0亿元"", ""classid"": ""1"", ""subclassid"": ""8"", ""back_test_type"": ""1"", ""sort"": ""升序"", ""sort_type"": ""1""}, {""date"": ""2025-12-05"", ""factor"": ""20日涨幅"", ""id"": ""c24[7]<10%"", ""classid"": ""1"", ""subclassid"": ""2"", ""back_test_type"": ""1"", ""sort"": ""升序"", ""sort_type"": ""1""}, {""date"": ""2025-12-05"", ""factor"": ""券商"", ""id"": ""266"", ""classid"": 1, ""subclassid"": ""1"", ""back_test_type"": ""2"", ""sort_type"": ""0""}, {""date"": ""2025-12-05"", ""factor"": ""毛老板卖出"", ""id"": ""7264"", ""classid"": 8, ""subclassid"": ""4"", ""back_test_type"": ""2"", ""sort_type"": ""0""}, {""date"": ""2025-12-05"", ""factor"": ""总市值"", ""id"": ""c42<100.0亿元"", ""classid"": ""1"", ""subclassid"": ""8"", ""back_test_type"": ""1"", ""sort"": ""升序"", ""sort_type"": ""1""}, {""date"": ""2025-12-05"", ""factor"": ""20日涨幅"", ""id"": ""c24[7]<10%"", ""classid"": ""1"", ""subclassid"": ""2"", ""back_test_type"": ""1"", ""sort"": ""升序"", ""sort_type"": ""1""}]"
人形机器人概念股龙头股有哪些？,"[{""date"": ""2025-12-04"", ""factor"": ""人形机器人"", ""id"": ""7030"", ""classid"": 1, ""subclassid"": ""2"", ""back_test_type"": ""2"", ""sort_type"": ""0""}, {""date"": ""2025-12-04"", ""factor"": ""月度强势"", ""id"": ""3"", ""classid"": 2, ""subclassid"": ""1"", ""back_test_type"": ""1"", ""sort_type"": ""0""}]"
开源五虎卖出的股票，科创板上市公司,"[{""date"": ""2025-12-05"", ""factor"": ""开源五虎卖出"", ""id"": ""7336"", ""classid"": 8, ""subclassid"": ""4"", ""back_test_type"": ""2"", ""sort_type"": ""0""}, {""date"": ""2025-12-05"", ""factor"": ""科创板等权"", ""id"": ""939"", ""classid"": 1, ""subclassid"": ""7"", ""back_test_type"": ""1"", ""sort_type"": ""0""}]"
涉及8日CCI连续走低的上市公司有哪些,"[{""date"": ""2025-12-04"", ""factor"": ""8日cci连续走低"", ""id"": ""1834"", ""classid"": 3, ""subclassid"": ""6"", ""back_test_type"": ""1"", ""sort_type"": ""0""}]"
20日线长期波幅新高的股票有哪些,"[{""date"": ""2025-12-04"", ""factor"": ""20日线长期波幅新高"", ""id"": ""1762"", ""classid"": 3, ""subclassid"": ""2"", ""back_test_type"": ""1"", ""sort_type"": ""0""}]"
储能概念龙头,"[{""date"": ""2025-12-04"", ""factor"": ""储能"", ""id"": ""219"", ""classid"": 1, ""subclassid"": ""2"", ""back_test_type"": ""2"", ""sort_type"": ""0""}, {""date"": ""2025-12-04"", ""factor"": ""月度强势"", ""id"": ""3"", ""classid"": ""2"", ""subclassid"": ""1"", ""back_test_type"": ""1"", ""sort_type"": ""0""}]"
10日涨幅异动，MACD金叉，资金流入的股票,"[{""date"": ""2025-12-04"", ""factor"": ""10日涨幅异动"", ""id"": ""1585"", ""classid"": 2, ""subclassid"": ""2"", ""back_test_type"": ""1"", ""sort_type"": ""0""}, {""date"": ""2025-12-04"", ""factor"": ""macd金叉"", ""id"": ""84"", ""classid"": 3, ""subclassid"": ""3"", ""back_test_type"": ""1"", ""sort_type"": ""0""}, {""date"": ""2025-12-04"", ""factor"": ""当日资金流入"", ""id"": ""1251"", ""classid"": 8, ""subclassid"": ""1"", ""back_test_type"": ""1"", ""sort_type"": ""0""}]"
储存芯片叠加人形机器人加光模块的公司,"[{""date"": ""2025-12-04"", ""factor"": ""存储概念"", ""id"": ""3642"", ""classid"": ""1"", ""subclassid"": ""2"", ""back_test_type"": ""2"", ""sort_type"": ""0""}, {""date"": ""2025-12-04"", ""factor"": ""人形机器人"", ""id"": ""7030"", ""classid"": 1, ""subclassid"": ""2"", ""back_test_type"": ""2"", ""sort_type"": ""0""}, {""date"": ""2025-12-04"", ""factor"": ""光通信"", ""id"": ""558"", ""classid"": 1, ""subclassid"": ""2"", ""back_test_type"": ""2"", ""sort_type"": ""0""}]"
K线实体涨幅大于5%，主板，非创业板，非科创板，非ST，股价小于20元,"[{""date"": ""2025-12-05"", ""factor"": ""K线实体涨幅"", ""id"": ""c30>5%"", ""classid"": ""1"", ""subclassid"": ""2"", ""back_test_type"": ""1"", ""sort"": ""降序"", ""sort_type"": ""2""}, {""date"": ""2025-12-05"", ""factor"": ""沪深主板等权"", ""id"": ""942"", ""classid"": 1, ""subclassid"": ""7"", ""back_test_type"": ""1"", ""sort_type"": ""0""}, {""date"": ""2025-12-05"", ""factor"": ""非创业板"", ""id"": ""7350"", ""classid"": 1, ""subclassid"": ""7"", ""back_test_type"": ""1"", ""sort_type"": ""0""}, {""date"": ""2025-12-05"", ""factor"": ""非科创板"", ""id"": ""7349"", ""classid"": 1, ""subclassid"": ""7"", ""back_test_type"": ""1"", ""sort_type"": ""0""}, {""date"": ""2025-12-05"", ""factor"": ""非ST板块"", ""id"": ""!651"", ""classid"": ""1"", ""subclassid"": ""2"", ""back_test_type"": ""2"", ""sort_type"": ""0""}, {""date"": ""2025-12-05"", ""factor"": ""收盘价_不复权"", ""id"": ""c4<20"", ""classid"": """", ""subclassid"": """", ""back_test_type"": ""1"", ""sort_type"": ""0""}]"
OBV中期新低的个股有哪些,"[{""date"": ""2025-12-04"", ""factor"": ""obv中期新低"", ""id"": ""1658"", ""classid"": 3, ""subclassid"": ""11"", ""back_test_type"": ""1"", ""sort_type"": ""0""}]"
5日线中期波幅新低，收盘价在5日均线以上，换手率大于5%，量比大于1.14。,"[{""date"": ""2025-12-04"", ""factor"": ""5日线中期波幅新低"", ""id"": ""1778"", ""classid"": 3, ""subclassid"": ""2"", ""back_test_type"": ""1"", ""sort_type"": ""0""}, {""date"": ""2025-12-04"", ""factor"": ""收盘价不复权"", ""id"": ""c4>c21[4]"", ""classid"": """", ""subclassid"": """", ""back_test_type"": ""1"", ""sort_type"": ""0""}, {""date"": ""2025-12-04"", ""factor"": ""1日换手率"", ""id"": ""c37[1]>5%"", ""classid"": ""1"", ""subclassid"": ""6"", ""back_test_type"": ""2"", ""sort"": ""降序"", ""sort_type"": ""2""}, {""date"": ""2025-12-04"", ""factor"": ""量比"", ""id"": ""c39>1.14"", ""classid"": ""1"", ""subclassid"": ""7"", ""back_test_type"": ""1"", ""sort_type"": ""0""}]"
营业总利润全市场靠前的股票,"[{""date"": ""2025-12-04"", ""factor"": ""营业总利润全市场靠前"", ""id"": ""902"", ""classid"": 4, ""subclassid"": ""2"", ""back_test_type"": ""1"", ""sort_type"": ""0""}]"
当日资金流入的10元以下高业绩A股有哪些？,"[{""date"": ""2025-12-04"", ""factor"": ""当日资金流入"", ""id"": ""1251"", ""classid"": 8, ""subclassid"": ""1"", ""back_test_type"": ""1"", ""sort_type"": ""0""}, {""date"": ""2025-12-04"", ""factor"": ""收盘价_不复权"", ""id"": ""c4<=10"", ""classid"": """", ""subclassid"": """", ""back_test_type"": ""1"", ""sort_type"": ""0""}, {""date"": ""2025-12-04"", ""factor"": ""扣非净利润全市场靠前"", ""id"": ""908"", ""classid"": 4, ""subclassid"": ""2"", ""back_test_type"": ""1"", ""sort_type"": ""0""}, {""date"": ""2025-12-04"", ""factor"": ""全A等权"", ""id"": ""845"", ""classid"": ""1"", ""subclassid"": ""7"", ""back_test_type"": ""1"", ""sort_type"": ""0""}]"
主营占比过低且为ST板块的股票,"[{""date"": ""2025-12-04"", ""factor"": ""主营占比过低"", ""id"": ""6822"", ""classid"": 4, ""subclassid"": ""2"", ""back_test_type"": ""1"", ""sort_type"": ""0""}, {""date"": ""2025-12-04"", ""factor"": ""st板块"", ""id"": ""651"", ""classid"": 1, ""subclassid"": ""2"", ""back_test_type"": ""2"", ""sort_type"": ""0""}]"
3日超大流出新高的股票有哪些,"[{""date"": ""2025-12-04"", ""factor"": ""3日超大流出新高"", ""id"": ""1677"", ""classid"": 8, ""subclassid"": ""1"", ""back_test_type"": ""1"", ""sort_type"": ""0""}]"
突破布林线上轨的股票有哪些,"[{""date"": ""2025-12-04"", ""factor"": ""突破上轨"", ""id"": ""110"", ""classid"": 3, ""subclassid"": ""8"", ""back_test_type"": ""1"", ""sort_type"": ""0""}]"
小鳄鱼卖出的股票有哪些,"[{""date"": ""2025-12-04"", ""factor"": ""小鳄鱼卖出"", ""id"": ""4122"", ""classid"": 8, ""subclassid"": ""4"", ""back_test_type"": ""2"", ""sort_type"": ""0""}]"
实际控制人国资委持股30%且为ST板块的股票,"[{""date"": ""2025-12-04"", ""factor"": ""实际控制人国资委持股30%"", ""id"": ""6826"", ""classid"": 5, ""subclassid"": ""2"", ""back_test_type"": ""1"", ""sort_type"": ""0""}, {""date"": ""2025-12-04"", ""factor"": ""st板块"", ""id"": ""651"", ""classid"": 1, ""subclassid"": ""2"", ""back_test_type"": ""2"", ""sort_type"": ""0""}]"
存储芯片概念中，10日内KD多次死叉的公司有哪些,"[{""date"": ""2025-12-04"", ""factor"": ""存储概念"", ""id"": ""3642"", ""classid"": ""1"", ""subclassid"": ""2"", ""back_test_type"": ""2"", ""sort_type"": ""0""}, {""date"": ""2025-12-04"", ""factor"": ""10日kd反复死叉"", ""id"": ""1535"", ""classid"": 3, ""subclassid"": ""4"", ""back_test_type"": ""1"", ""sort_type"": ""0""}]"
10日均偏新高的，人型机器人公司股价在7元上下的有哪几家？,"[{""date"": ""2025-12-04"", ""factor"": ""10日均偏新高"", ""id"": ""3662"", ""classid"": 3, ""subclassid"": ""1"", ""back_test_type"": ""1"", ""sort_type"": ""0""}, {""date"": ""2025-12-04"", ""factor"": ""人形机器人"", ""id"": ""7030"", ""classid"": 1, ""subclassid"": ""2"", ""back_test_type"": ""2"", ""sort_type"": ""0""}, {""date"": ""2025-12-04"", ""factor"": ""收盘价_不复权"", ""id"": ""c4>=6.3"", ""classid"": """", ""subclassid"": """", ""back_test_type"": ""1"", ""sort_type"": ""0""}, {""date"": ""2025-12-04"", ""factor"": ""收盘价_不复权"", ""id"": ""c4<=7.7"", ""classid"": """", ""subclassid"": """", ""back_test_type"": ""1"", ""sort_type"": ""0""}]"
筛选近期炸板且市盈率不高于20倍的股票,"[{""date"": ""2025-12-04"", ""factor"": ""近期炸板"", ""id"": ""1149"", ""classid"": 2, ""subclassid"": ""3"", ""back_test_type"": ""1"", ""sort_type"": ""0""}, {""date"": ""2025-12-04"", ""factor"": ""动态市盈率"", ""id"": ""c49<=20"", ""classid"": ""1"", ""subclassid"": ""10"", ""back_test_type"": ""1"", ""sort"": ""升序"", ""sort_type"": ""1""}]"
AI智能体且多模态，60日线中期波幅新高的个股,"[{""date"": ""2025-12-04"", ""factor"": ""AIAgent（AI助理）"", ""id"": ""5184"", ""classid"": ""1"", ""subclassid"": ""2"", ""back_test_type"": ""2"", ""sort_type"": ""0""}, {""date"": ""2025-12-04"", ""factor"": ""ai多模态"", ""id"": ""5185"", ""classid"": 1, ""subclassid"": ""2"", ""back_test_type"": ""2"", ""sort_type"": ""0""}, {""date"": ""2025-12-04"", ""factor"": ""60日线中期波幅新高"", ""id"": ""1755"", ""classid"": 3, ""subclassid"": ""2"", ""back_test_type"": ""1"", ""sort_type"": ""0""}]"
10日异动探测的股票有哪些,"[{""date"": ""2025-12-04"", ""factor"": ""10日异动探测"", ""id"": ""3676"", ""classid"": 3, ""subclassid"": ""1"", ""back_test_type"": ""1"", ""sort_type"": ""0""}]"
"龙虎榜上榜；RSI跌到20以下后,出现反转信号；市净率小于1.5；非创业板；非科创板；非ST","[{""date"": ""2025-12-05"", ""factor"": ""RSI.RSI1"", ""id"": ""c60[1]<20"", ""classid"": ""2"", ""subclassid"": ""1"", ""back_test_type"": ""1"", ""sort"": ""升序"", ""sort_type"": ""1""}, {""date"": ""2025-12-06"", ""factor"": ""RSI.RSI1"", ""id"": ""c60[1]>20"", ""classid"": ""2"", ""subclassid"": ""1"", ""back_test_type"": ""1"", ""sort"": ""降序"", ""sort_type"": ""2""}, {""date"": ""2025-12-05"", ""factor"": ""市净率"", ""id"": ""c53<1.5"", ""classid"": ""1"", ""subclassid"": ""10"", ""back_test_type"": ""1"", ""sort_type"": ""0""}, {""date"": ""2025-12-05"", ""factor"": ""非创业板"", ""id"": ""7350"", ""classid"": 1, ""subclassid"": ""7"", ""back_test_type"": ""1"", ""sort_type"": ""0""}, {""date"": ""2025-12-05"", ""factor"": ""非科创板"", ""id"": ""7349"", ""classid"": 1, ""subclassid"": ""7"", ""back_test_type"": ""1"", ""sort_type"": ""0""}, {""date"": ""2025-12-05"", ""factor"": ""非ST板块"", ""id"": ""!651"", ""classid"": ""1"", ""subclassid"": ""2"", ""back_test_type"": ""2"", ""sort_type"": ""0""}]"
现金增长市场靠前的股票,"[{""date"": ""2025-12-04"", ""factor"": ""现金增长市场靠前"", ""id"": ""932"", ""classid"": 4, ""subclassid"": ""4"", ""back_test_type"": ""1"", ""sort_type"": ""0""}]"
消费电子板块60日资金雷达的公司有哪些,"[{""date"": ""2025-12-04"", ""factor"": ""消费电子"", ""id"": ""648"", ""classid"": 1, ""subclassid"": ""2"", ""back_test_type"": ""2"", ""sort_type"": ""0""}, {""date"": ""2025-12-04"", ""factor"": ""60日资金雷达"", ""id"": ""1929"", ""classid"": 8, ""subclassid"": ""1"", ""back_test_type"": ""1"", ""sort_type"": ""0""}]"
营业总收入环比翻倍的半导体和机器人相关股票,"[{""date"": ""2025-12-04"", ""factor"": ""营业总收入环比翻倍"", ""id"": ""897"", ""classid"": 4, ""subclassid"": ""2"", ""back_test_type"": ""1"", ""sort_type"": ""0""}, {""date"": ""2025-12-04"", ""factor"": ""半导体|机器人概念"", ""id"": ""547|2741"", ""classid"": """", ""subclassid"": """", ""back_test_type"": ""2"", ""sort_type"": ""0""}]"
0——10元；市值10——20亿；250日BOLL变动新低,"[{""date"": ""2025-12-04"", ""factor"": ""收盘价_不复权"", ""id"": ""c4>=0"", ""classid"": """", ""subclassid"": """", ""back_test_type"": ""1"", ""sort_type"": ""0""}, {""date"": ""2025-12-04"", ""factor"": ""收盘价_不复权"", ""id"": ""c4<=10"", ""classid"": """", ""subclassid"": """", ""back_test_type"": ""1"", ""sort_type"": ""0""}, {""date"": ""2025-12-04"", ""factor"": ""总市值"", ""id"": ""c42>=10.0亿元"", ""classid"": ""1"", ""subclassid"": ""8"", ""back_test_type"": ""1"", ""sort_type"": ""0""}, {""date"": ""2025-12-04"", ""factor"": ""总市值"", ""id"": ""c42<=20.0亿元"", ""classid"": ""1"", ""subclassid"": ""8"", ""back_test_type"": ""1"", ""sort_type"": ""0""}, {""date"": ""2025-12-04"", ""factor"": ""250日boll变动新低"", ""id"": ""1849"", ""classid"": 3, ""subclassid"": ""8"", ""back_test_type"": ""1"", ""sort_type"": ""0""}]"
目前K线呈5日M-ATR强劲形态的股票有哪些？,"[{""date"": ""2025-12-04"", ""factor"": ""5日m-atr强劲"", ""id"": ""3784"", ""classid"": 3, ""subclassid"": ""1"", ""back_test_type"": ""1"", ""sort_type"": ""0""}]"
"高股息,高分红的股票有哪个","[{""date"": ""2025-12-04"", ""factor"": ""高股息股"", ""id"": ""7215"", ""classid"": 4, ""subclassid"": ""6"", ""back_test_type"": ""1"", ""sort_type"": ""0""}, {""date"": ""2025-12-04"", ""factor"": ""高派息"", ""id"": ""175"", ""classid"": 1, ""subclassid"": ""3"", ""back_test_type"": ""2"", ""sort_type"": ""0""}]"
60日量价协同，且AI多模态、AIAgent（AI助理）股价处于10日均线上方的个股,"[{""date"": ""2025-12-04"", ""factor"": ""60日量价协同"", ""id"": ""3994"", ""classid"": 3, ""subclassid"": ""9"", ""back_test_type"": ""1"", ""sort_type"": ""0""}, {""date"": ""2025-12-04"", ""factor"": ""ai多模态"", ""id"": ""5185"", ""classid"": 1, ""subclassid"": ""2"", ""back_test_type"": ""2"", ""sort_type"": ""0""}, {""date"": ""2025-12-04"", ""factor"": ""aiagent（ai助理）"", ""id"": ""5184"", ""classid"": 1, ""subclassid"": ""2"", ""back_test_type"": ""2"", ""sort_type"": ""0""}, {""date"": ""2025-12-04"", ""factor"": ""收盘价不复权"", ""id"": ""c4>c21[5]"", ""classid"": """", ""subclassid"": """", ""back_test_type"": ""1"", ""sort_type"": ""0""}]"
10日内有连板且和消费电子直接关联的有哪些股票,"[{""date"": ""2025-12-04"", ""factor"": ""10日有连板"", ""id"": ""1369"", ""classid"": 2, ""subclassid"": ""3"", ""back_test_type"": ""1"", ""sort_type"": ""0""}, {""date"": ""2025-12-04"", ""factor"": ""消费电子"", ""id"": ""648"", ""classid"": 1, ""subclassid"": ""2"", ""back_test_type"": ""2"", ""sort_type"": ""0""}]"
今天中期MATR疲软，净资金流入且未涨停的股票,"[{""date"": ""2025-12-04"", ""factor"": ""中期matr疲软"", ""id"": ""3961"", ""classid"": 3, ""subclassid"": ""1"", ""back_test_type"": ""1"", ""sort_type"": ""0""}, {""date"": ""2025-12-04"", ""factor"": ""当日资金流入"", ""id"": ""1251"", ""classid"": 8, ""subclassid"": ""1"", ""back_test_type"": ""1"", ""sort_type"": ""0""}, {""date"": ""2025-12-04"", ""factor"": ""非当日涨停"", ""id"": ""!3925"", ""classid"": ""2"", ""subclassid"": ""3"", ""back_test_type"": ""1"", ""sort_type"": ""0""}]"
5日强势的两阳夹一阴股票,"[{""date"": ""2025-12-04"", ""factor"": ""5日强势"", ""id"": ""2"", ""classid"": 2, ""subclassid"": ""1"", ""back_test_type"": ""1"", ""sort_type"": ""0""}, {""date"": ""2025-12-04"", ""factor"": ""多方炮"", ""id"": ""60"", ""classid"": 3, ""subclassid"": ""1"", ""back_test_type"": ""1"", ""sort_type"": ""0""}]"
"看技术指标,哪些股处于KDJ空头趋势？","[{""date"": ""2025-12-04"", ""factor"": ""kdj空头"", ""id"": ""99"", ""classid"": 3, ""subclassid"": ""4"", ""back_test_type"": ""1"", ""sort_type"": ""0""}]"
10日线长期波幅新低；非ST；非创业板；非科创板,"[{""date"": ""2025-12-04"", ""factor"": ""10日线长期波幅新低"", ""id"": ""1788"", ""classid"": 3, ""subclassid"": ""2"", ""back_test_type"": ""1"", ""sort_type"": ""0""}, {""date"": ""2025-12-04"", ""factor"": ""非ST板块"", ""id"": ""!651"", ""classid"": ""1"", ""subclassid"": ""2"", ""back_test_type"": ""2"", ""sort_type"": ""0""}, {""date"": ""2025-12-04"", ""factor"": ""非创业板"", ""id"": ""7350"", ""classid"": 1, ""subclassid"": ""7"", ""back_test_type"": ""1"", ""sort_type"": ""0""}, {""date"": ""2025-12-04"", ""factor"": ""非科创板"", ""id"": ""7349"", ""classid"": 1, ""subclassid"": ""7"", ""back_test_type"": ""1"", ""sort_type"": ""0""}]"
找出5日跌幅异动的股票,"[{""date"": ""2025-12-04"", ""factor"": ""5日跌幅异动"", ""id"": ""1591"", ""classid"": 2, ""subclassid"": ""2"", ""back_test_type"": ""1"", ""sort_type"": ""0""}]"
反攻在即的科技股,"[{""date"": ""2025-12-04"", ""factor"": ""反攻在即"", ""id"": ""3969"", ""classid"": 3, ""subclassid"": ""1"", ""back_test_type"": ""1"", ""sort_type"": ""0""}, {""date"": ""2025-12-04"", ""factor"": ""半导体|集成电路|芯片概念|存储概念|光刻胶|光刻机"", ""id"": ""547|467|627|3642|666|731"", ""classid"": """", ""subclassid"": """", ""back_test_type"": ""2"", ""sort_type"": ""0""}]"
RSI空头的券商股,"[{""date"": ""2025-12-04"", ""factor"": ""rsi空头"", ""id"": ""1298"", ""classid"": 3, ""subclassid"": ""5"", ""back_test_type"": ""1"", ""sort_type"": ""0""}, {""date"": ""2025-12-04"", ""factor"": ""券商"", ""id"": ""266"", ""classid"": 1, ""subclassid"": ""1"", ""back_test_type"": ""2"", ""sort_type"": ""0""}]"
多头加速的股票,"[{""date"": ""2025-12-04"", ""factor"": ""多头加速"", ""id"": ""3739"", ""classid"": 3, ""subclassid"": ""10"", ""back_test_type"": ""1"", ""sort_type"": ""0""}]"
股东人数大幅下降的股票有哪些,"[{""date"": ""2025-12-04"", ""factor"": ""股东人数大幅下降"", ""id"": ""1186"", ""classid"": 5, ""subclassid"": ""2"", ""back_test_type"": ""1"", ""sort_type"": ""0""}]"
今日跳空触底反弹的个股有哪些,"[{""date"": ""2025-12-04"", ""factor"": ""跳空触底反弹"", ""id"": ""1204"", ""classid"": 3, ""subclassid"": ""1"", ""back_test_type"": ""1"", ""sort_type"": ""0""}]"
10日资金连续流出的股票有哪些,"[{""date"": ""2025-12-04"", ""factor"": ""10日资金连续流出"", ""id"": ""1258"", ""classid"": 8, ""subclassid"": ""1"", ""back_test_type"": ""1"", ""sort_type"": ""0""}]"
和20日低量直接关联的有哪些股票,"[{""date"": ""2025-12-04"", ""factor"": ""20日低量"", ""id"": ""1376"", ""classid"": 3, ""subclassid"": ""9"", ""back_test_type"": ""1"", ""sort_type"": ""0""}]"
主力资金预警的股票,"[{""date"": ""2025-12-05"", ""factor"": ""主力资金预警"", ""id"": ""7341"", ""classid"": 10, ""subclassid"": ""7"", ""back_test_type"": ""1"", ""sort_type"": ""0""}]"
假阳线的股票有哪些,"[{""date"": ""2025-12-04"", ""factor"": ""假阳线"", ""id"": ""70"", ""classid"": 3, ""subclassid"": ""1"", ""back_test_type"": ""1"", ""sort_type"": ""0""}]"
找出符合5日CCI连续走高条件的股票,"[{""date"": ""2025-12-04"", ""factor"": ""5日cci连续走高"", ""id"": ""1830"", ""classid"": 3, ""subclassid"": ""6"", ""back_test_type"": ""1"", ""sort_type"": ""0""}]"
20日超大单流出的股票有哪些,"[{""date"": ""2025-12-04"", ""factor"": ""20日超大单流出"", ""id"": ""1407"", ""classid"": 8, ""subclassid"": ""1"", ""back_test_type"": ""1"", ""sort_type"": ""0""}]"
旅游股票且120日均偏新高,"[{""date"": ""2025-12-04"", ""factor"": ""旅游及景区"", ""id"": ""3468"", ""classid"": 1, ""subclassid"": ""11"", ""back_test_type"": ""2"", ""sort_type"": ""0""}, {""date"": ""2025-12-04"", ""factor"": ""120日均偏新高"", ""id"": ""3666"", ""classid"": 3, ""subclassid"": ""1"", ""back_test_type"": ""1"", ""sort_type"": ""0""}]"
5交易日内业绩预告亏损大幅减少的股票,"[{""date"": ""2025-12-04"", ""factor"": ""业绩预告亏损大幅减少"", ""id"": ""1176"", ""classid"": 5, ""subclassid"": ""1"", ""back_test_type"": ""1"", ""sort_type"": ""0""}]"
低位10日线长期波幅新低的个股,"[{""date"": ""2025-12-04"", ""factor"": ""10日线长期波幅新低"", ""id"": ""1788"", ""classid"": 3, ""subclassid"": ""2"", ""back_test_type"": ""1"", ""sort_type"": ""0""}]"
跨境支付概念的龙头股票是哪些,"[{""date"": ""2025-12-04"", ""factor"": ""跨境支付"", ""id"": ""791"", ""classid"": 1, ""subclassid"": ""2"", ""back_test_type"": ""2"", ""sort_type"": ""0""}, {""date"": ""2025-12-04"", ""factor"": ""茅概念"", ""id"": ""748"", ""classid"": ""1"", ""subclassid"": ""2"", ""back_test_type"": ""2"", ""sort_type"": ""0""}]"
找出符合CCI变动60日新高的股票,"[{""date"": ""2025-12-04"", ""factor"": ""cci变动60日新高"", ""id"": ""1817"", ""classid"": 3, ""subclassid"": ""6"", ""back_test_type"": ""1"", ""sort_type"": ""0""}]"
预测营业收入增长率行业靠前且涨幅超过10%的股票有哪些,"[{""date"": ""2025-12-04"", ""factor"": ""预测营业收入增长率行业靠前"", ""id"": ""864"", ""classid"": 6, ""subclassid"": ""3"", ""back_test_type"": ""1"", ""sort_type"": ""0""}, {""date"": ""2025-12-04"", ""factor"": ""1日涨幅"", ""id"": ""c24[1]>10%"", ""classid"": ""1"", ""subclassid"": ""2"", ""back_test_type"": ""1"", ""sort"": ""降序"", ""sort_type"": ""2""}]"
选出9月3日阶段试盘股；非st板；非科创板,"[{""date"": ""2025-09-03"", ""factor"": ""阶段试盘"", ""id"": ""1731"", ""classid"": ""3"", ""subclassid"": ""1"", ""back_test_type"": ""1"", ""sort_type"": ""0""}, {""date"": ""2025-12-04"", ""factor"": ""非ST板块"", ""id"": ""!651"", ""classid"": ""1"", ""subclassid"": ""2"", ""back_test_type"": ""2"", ""sort_type"": ""0""}, {""date"": ""2025-12-04"", ""factor"": ""非科创板"", ""id"": ""7349"", ""classid"": 1, ""subclassid"": ""7"", ""back_test_type"": ""1"", ""sort_type"": ""0""}]"
低市盈率TTM，净利润增长，且KDJ活跃，流通市值小于100亿元,"[{""date"": ""2025-12-04"", ""factor"": ""低市盈率ttm"", ""id"": ""945"", ""classid"": 4, ""subclassid"": ""6"", ""back_test_type"": ""1"", ""sort_type"": ""0""}, {""date"": ""2025-12-04"", ""factor"": ""净利润增长"", ""id"": ""c103[1]>0"", ""classid"": ""3"", ""subclassid"": ""3"", ""back_test_type"": ""1"", ""sort_type"": ""0""}, {""date"": ""2025-12-04"", ""factor"": ""kdj活跃"", ""id"": ""1603"", ""classid"": 3, ""subclassid"": ""4"", ""back_test_type"": ""1"", ""sort_type"": ""0""}, {""date"": ""2025-12-04"", ""factor"": ""流通市值"", ""id"": ""c43<100.0亿元"", ""classid"": ""1"", ""subclassid"": ""8"", ""back_test_type"": ""1"", ""sort"": ""升序"", ""sort_type"": ""1""}]"
今天20日换手变动创历史新高的股票,"[{""date"": ""2025-12-04"", ""factor"": ""20日换手变动新高"", ""id"": ""3856"", ""classid"": 3, ""subclassid"": ""9"", ""back_test_type"": ""1"", ""sort_type"": ""0""}]"
符合趋势跟踪特征的锂电池板块龙头有哪些,"[{""date"": ""2025-12-04"", ""factor"": ""趋势跟踪"", ""id"": ""3975"", ""classid"": 3, ""subclassid"": ""1"", ""back_test_type"": ""1"", ""sort_type"": ""0""}, {""date"": ""2025-12-04"", ""factor"": ""锂电池"", ""id"": ""340"", ""classid"": 1, ""subclassid"": ""2"", ""back_test_type"": ""2"", ""sort_type"": ""0""}, {""date"": ""2025-12-04"", ""factor"": ""茅概念"", ""id"": ""748"", ""classid"": ""1"", ""subclassid"": ""2"", ""back_test_type"": ""2"", ""sort_type"": ""0""}]"
北交所下一个30日BIAS高涨的股票是哪个,"[{""date"": ""2025-12-04"", ""factor"": ""北交所等权"", ""id"": ""865"", ""classid"": 1, ""subclassid"": ""7"", ""back_test_type"": ""1"", ""sort_type"": ""0""}, {""date"": ""2025-12-04"", ""factor"": ""30日bias高涨"", ""id"": ""3754"", ""classid"": 3, ""subclassid"": ""10"", ""back_test_type"": ""1"", ""sort_type"": ""0""}]"
推荐所属人工智能，条件是3日资金雷达的股票,"[{""date"": ""2025-12-04"", ""factor"": ""人工智能"", ""id"": ""415"", ""classid"": 1, ""subclassid"": ""2"", ""back_test_type"": ""2"", ""sort_type"": ""0""}, {""date"": ""2025-12-04"", ""factor"": ""3日资金雷达"", ""id"": ""1924"", ""classid"": 8, ""subclassid"": ""1"", ""back_test_type"": ""1"", ""sort_type"": ""0""}]"
短期MATR回落的ST股，且业绩预告扭亏为盈,"[{""date"": ""2025-12-04"", ""factor"": ""短期matr回落"", ""id"": ""3926"", ""classid"": 3, ""subclassid"": ""1"", ""back_test_type"": ""1"", ""sort_type"": ""0""}, {""date"": ""2025-12-04"", ""factor"": ""st板块"", ""id"": ""651"", ""classid"": 1, ""subclassid"": ""2"", ""back_test_type"": ""2"", ""sort_type"": ""0""}, {""date"": ""2025-12-04"", ""factor"": ""业绩预告扭亏为盈"", ""id"": ""1171"", ""classid"": 5, ""subclassid"": ""1"", ""back_test_type"": ""1"", ""sort_type"": ""0""}]"
帮我筛选出属于5日VOL中时序预警的股票,"[{""date"": ""2025-12-04"", ""factor"": ""5日vol中时序预警"", ""id"": ""1860"", ""classid"": 3, ""subclassid"": ""9"", ""back_test_type"": ""1"", ""sort_type"": ""0""}]"
狙击强势的上市公司有哪些,"[{""date"": ""2025-12-04"", ""factor"": ""狙击强势"", ""id"": ""1732"", ""classid"": 3, ""subclassid"": ""1"", ""back_test_type"": ""1"", ""sort_type"": ""0""}]"
10日MACD反复死叉的股票,"[{""date"": ""2025-12-04"", ""factor"": ""10日macd反复死叉"", ""id"": ""1521"", ""classid"": 3, ""subclassid"": ""3"", ""back_test_type"": ""1"", ""sort_type"": ""0""}]"
中期换手预警，高分红的股票有哪个,"[{""date"": ""2025-12-04"", ""factor"": ""中期换手预警"", ""id"": ""4002"", ""classid"": 3, ""subclassid"": ""9"", ""back_test_type"": ""1"", ""sort_type"": ""0""}, {""date"": ""2025-12-04"", ""factor"": ""高派息"", ""id"": ""175"", ""classid"": ""1"", ""subclassid"": ""3"", ""back_test_type"": ""2"", ""sort_type"": ""0""}]"
体育产业中最具投资价值的公司应该是哪个？,"[{""date"": ""2025-12-04"", ""factor"": ""体育产业"", ""id"": ""388"", ""classid"": 1, ""subclassid"": ""2"", ""back_test_type"": ""2"", ""sort_type"": ""0""}, {""date"": ""2025-12-04"", ""factor"": ""价值成长"", ""id"": ""422"", ""classid"": ""1"", ""subclassid"": ""2"", ""back_test_type"": ""2"", ""sort_type"": ""0""}]"
均线多头排到，30日换手变动活跃的股票,"[{""date"": ""2025-12-04"", ""factor"": ""短期均线多头"", ""id"": ""73"", ""classid"": 3, ""subclassid"": ""2"", ""back_test_type"": ""1"", ""sort_type"": ""0""}, {""date"": ""2025-12-04"", ""factor"": ""30日换手变动活跃"", ""id"": ""3912"", ""classid"": 3, ""subclassid"": ""9"", ""back_test_type"": ""1"", ""sort_type"": ""0""}]"
10日换手预警，高分红的股票有哪个,"[{""date"": ""2025-12-04"", ""factor"": ""10日换手预警"", ""id"": ""3998"", ""classid"": 3, ""subclassid"": ""9"", ""back_test_type"": ""1"", ""sort_type"": ""0""}, {""date"": ""2025-12-04"", ""factor"": ""高派息"", ""id"": ""175"", ""classid"": ""1"", ""subclassid"": ""3"", ""back_test_type"": ""2"", ""sort_type"": ""0""}]"
电力储能板块有哪些被高胜率游资卖出的股票,"[{""date"": ""2025-12-04"", ""factor"": ""电力|储能"", ""id"": ""3405|219"", ""classid"": """", ""subclassid"": """", ""back_test_type"": ""2"", ""sort_type"": ""0""}, {""date"": ""2025-12-04"", ""factor"": ""高胜率游资卖出"", ""id"": ""4124"", ""classid"": 8, ""subclassid"": ""4"", ""back_test_type"": ""2"", ""sort_type"": ""0""}]"
60日低点试探，知识产权，数字货币，算力概念的股票有哪些？,"[{""date"": ""2025-12-04"", ""factor"": ""60日低点试探"", ""id"": ""3715"", ""classid"": 3, ""subclassid"": ""1"", ""back_test_type"": ""1"", ""sort_type"": ""0""}, {""date"": ""2025-12-04"", ""factor"": ""知识产权"", ""id"": ""652"", ""classid"": 1, ""subclassid"": ""2"", ""back_test_type"": ""2"", ""sort_type"": ""0""}, {""date"": ""2025-12-04"", ""factor"": ""数字货币"", ""id"": ""699"", ""classid"": 1, ""subclassid"": ""2"", ""back_test_type"": ""2"", ""sort_type"": ""0""}, {""date"": ""2025-12-04"", ""factor"": ""算力概念"", ""id"": ""790"", ""classid"": 1, ""subclassid"": ""2"", ""back_test_type"": ""2"", ""sort_type"": ""0""}]"
涉及CCI空头120日释放的上市公司有哪些,"[{""date"": ""2025-12-04"", ""factor"": ""cci空头120日释放"", ""id"": ""1826"", ""classid"": 3, ""subclassid"": ""6"", ""back_test_type"": ""1"", ""sort_type"": ""0""}]"
帮我筛选出属于20日VOL中时序预警的股票,"[{""date"": ""2025-12-04"", ""factor"": ""20日vol中时序预警"", ""id"": ""1862"", ""classid"": 3, ""subclassid"": ""9"", ""back_test_type"": ""1"", ""sort_type"": ""0""}]"
今日公布财报的小盘股，且个股大资金流入,"[{""date"": ""2025-12-05"", ""factor"": ""今日公布财报"", ""id"": ""4149"", ""classid"": 5, ""subclassid"": ""1"", ""back_test_type"": ""1"", ""sort_type"": ""0""}, {""date"": ""2025-12-05"", ""factor"": ""小盘"", ""id"": ""142"", ""classid"": 1, ""subclassid"": ""3"", ""back_test_type"": ""2"", ""sort_type"": ""0""}, {""date"": ""2025-12-05"", ""factor"": ""超大单流入"", ""id"": ""1397"", ""classid"": 8, ""subclassid"": ""1"", ""back_test_type"": ""1"", ""sort_type"": ""0""}, {""date"": ""2025-12-05"", ""factor"": ""今日公布财报"", ""id"": ""4149"", ""classid"": 5, ""subclassid"": ""1"", ""back_test_type"": ""1"", ""sort_type"": ""0""}, {""date"": ""2025-12-05"", ""factor"": ""小盘"", ""id"": ""142"", ""classid"": 1, ""subclassid"": ""3"", ""back_test_type"": ""2"", ""sort_type"": ""0""}, {""date"": ""2025-12-05"", ""factor"": ""超大单流入"", ""id"": ""1397"", ""classid"": 8, ""subclassid"": ""1"", ""back_test_type"": ""1"", ""sort_type"": ""0""}]"
佛山系买入的龙头股是哪个股？,"[{""date"": ""2025-12-04"", ""factor"": ""佛山系买入"", ""id"": ""4109"", ""classid"": 8, ""subclassid"": ""4"", ""back_test_type"": ""2"", ""sort_type"": ""0""}, {""date"": ""2025-12-04"", ""factor"": ""月度强势"", ""id"": ""3"", ""classid"": 2, ""subclassid"": ""1"", ""back_test_type"": ""1"", ""sort_type"": ""0""}]"
20日OBV背离的股票有哪些？,"[{""date"": ""2025-12-04"", ""factor"": ""20日obv背离"", ""id"": ""1665"", ""classid"": 3, ""subclassid"": ""11"", ""back_test_type"": ""1"", ""sort_type"": ""0""}]"
"概念板块同时具备商业航天,液冷服务器,算力,AI,数据中心，并且出现百日地量的股票有哪些？","[{""date"": ""2025-12-04"", ""factor"": ""商业航天（航天航空）"", ""id"": ""224"", ""classid"": 1, ""subclassid"": ""2"", ""back_test_type"": ""2"", ""sort_type"": ""0""}, {""date"": ""2025-12-04"", ""factor"": ""液冷概念"", ""id"": ""1469"", ""classid"": 1, ""subclassid"": ""2"", ""back_test_type"": ""2"", ""sort_type"": ""0""}, {""date"": ""2025-12-04"", ""factor"": ""算力概念"", ""id"": ""790"", ""classid"": 1, ""subclassid"": ""2"", ""back_test_type"": ""2"", ""sort_type"": ""0""}, {""date"": ""2025-12-04"", ""factor"": ""人工智能"", ""id"": ""415"", ""classid"": ""1"", ""subclassid"": ""2"", ""back_test_type"": ""2"", ""sort_type"": ""0""}, {""date"": ""2025-12-04"", ""factor"": ""idc概念（数据中心）"", ""id"": ""723"", ""classid"": 1, ""subclassid"": ""2"", ""back_test_type"": ""2"", ""sort_type"": ""0""}, {""date"": ""2025-12-04"", ""factor"": ""百日地量"", ""id"": ""1232"", ""classid"": 3, ""subclassid"": ""9"", ""back_test_type"": ""1"", ""sort_type"": ""0""}]"
开源五虎卖出的股票有哪些,"[{""date"": ""2025-12-05"", ""factor"": ""开源五虎卖出"", ""id"": ""7336"", ""classid"": 8, ""subclassid"": ""4"", ""back_test_type"": ""2"", ""sort_type"": ""0""}]"
250日涨幅异动的股票,"[{""date"": ""2025-12-04"", ""factor"": ""250日涨幅异动"", ""id"": ""1590"", ""classid"": 2, ""subclassid"": ""2"", ""back_test_type"": ""1"", ""sort_type"": ""0""}]"
储能概念龙头，且出现KD短期反复死叉,"[{""date"": ""2025-12-04"", ""factor"": ""储能"", ""id"": ""219"", ""classid"": 1, ""subclassid"": ""2"", ""back_test_type"": ""2"", ""sort_type"": ""0""}, {""date"": ""2025-12-04"", ""factor"": ""kd短期反复死叉"", ""id"": ""1534"", ""classid"": 3, ""subclassid"": ""4"", ""back_test_type"": ""1"", ""sort_type"": ""0""}]"
OBV长期新低的股票有哪些？,"[{""date"": ""2025-12-04"", ""factor"": ""obv长期新低"", ""id"": ""1662"", ""classid"": 3, ""subclassid"": ""11"", ""back_test_type"": ""1"", ""sort_type"": ""0""}]"
券商板块中周线活跃的有哪些？,"[{""date"": ""2025-12-04"", ""factor"": ""券商"", ""id"": ""266"", ""classid"": 1, ""subclassid"": ""1"", ""back_test_type"": ""2"", ""sort_type"": ""0""}, {""date"": ""2025-12-04"", ""factor"": ""周线活跃"", ""id"": ""3987"", ""classid"": 3, ""subclassid"": ""1"", ""back_test_type"": ""1"", ""sort_type"": ""0""}]"
今天90日换手变动创历史新高的股票,"[{""date"": ""2025-12-04"", ""factor"": ""90日换手变动新高"", ""id"": ""3859"", ""classid"": 3, ""subclassid"": ""9"", ""back_test_type"": ""1"", ""sort_type"": ""0""}]"
预测每股收益增长率行业靠前且涨幅超过10%的股票有哪些,"[{""date"": ""2025-12-04"", ""factor"": ""预测每股收益增长率行业靠前"", ""id"": ""863"", ""classid"": 6, ""subclassid"": ""3"", ""back_test_type"": ""1"", ""sort_type"": ""0""}, {""date"": ""2025-12-04"", ""factor"": ""1日涨幅"", ""id"": ""c24[1]>10%"", ""classid"": ""1"", ""subclassid"": ""2"", ""back_test_type"": ""1"", ""sort"": ""降序"", ""sort_type"": ""2""}]"
前3月销额累计值同比稳增(食饮)，市值小于等于100亿，均线多头排列,"[{""date"": ""2025-12-04"", ""factor"": ""总市值"", ""id"": ""c42<=100.0亿元"", ""classid"": ""1"", ""subclassid"": ""8"", ""back_test_type"": ""1"", ""sort"": ""升序"", ""sort_type"": ""1""}, {""date"": ""2025-12-04"", ""factor"": ""短期均线多头"", ""id"": ""73"", ""classid"": 3, ""subclassid"": ""2"", ""back_test_type"": ""1"", ""sort_type"": ""0""}]"
沪深两市中期新高的半导体设备公司有哪些,"[{""date"": ""2025-12-04"", ""factor"": ""中期新高"", ""id"": ""36"", ""classid"": 2, ""subclassid"": ""4"", ""back_test_type"": ""1"", ""sort_type"": ""0""}, {""date"": ""2025-12-04"", ""factor"": ""半导体设备"", ""id"": ""1686"", ""classid"": 1, ""subclassid"": ""2"", ""back_test_type"": ""2"", ""sort_type"": ""0""}, {""date"": ""2025-12-04"", ""factor"": ""沪市等权|深市等权"", ""id"": ""846|847"", ""classid"": ""1"", ""subclassid"": ""7"", ""back_test_type"": ""1"", ""sort_type"": ""0""}, {""date"": ""2025-12-04"", ""factor"": ""中期新高"", ""id"": ""36"", ""classid"": 2, ""subclassid"": ""4"", ""back_test_type"": ""1"", ""sort_type"": ""0""}, {""date"": ""2025-12-04"", ""factor"": ""半导体设备"", ""id"": ""1686"", ""classid"": 1, ""subclassid"": ""2"", ""back_test_type"": ""2"", ""sort_type"": ""0""}, {""date"": ""2025-12-04"", ""factor"": ""沪市等权|深市等权"", ""id"": ""846|847"", ""classid"": ""1"", ""subclassid"": ""7"", ""back_test_type"": ""1"", ""sort_type"": ""0""}]"
量价顶背离，总市值小于50亿,"[{""date"": ""2025-12-04"", ""factor"": ""量价顶背离"", ""id"": ""123"", ""classid"": 3, ""subclassid"": ""9"", ""back_test_type"": ""1"", ""sort_type"": ""0""}, {""date"": ""2025-12-04"", ""factor"": ""总市值"", ""id"": ""c42<50.0亿元"", ""classid"": ""1"", ""subclassid"": ""8"", ""back_test_type"": ""1"", ""sort"": ""升序"", ""sort_type"": ""1""}]"
帮我找120日换手变动新高，市值≤100亿，利润增长≥30%的股票,"[{""date"": ""2025-12-04"", ""factor"": ""120日换手变动新高"", ""id"": ""3860"", ""classid"": 3, ""subclassid"": ""9"", ""back_test_type"": ""1"", ""sort_type"": ""0""}, {""date"": ""2025-12-04"", ""factor"": ""总市值"", ""id"": ""c42<=100.0亿元"", ""classid"": ""1"", ""subclassid"": ""8"", ""back_test_type"": ""1"", ""sort"": ""升序"", ""sort_type"": ""1""}, {""date"": ""2025-12-04"", ""factor"": ""净利润增长"", ""id"": ""c103[1]>=30%"", ""classid"": ""3"", ""subclassid"": ""3"", ""back_test_type"": ""1"", ""sort_type"": ""0""}]"
20日均偏新高的，人型机器人公司股价在7元上下的有哪几家？,"[{""date"": ""2025-12-04"", ""factor"": ""20日均偏新高"", ""id"": ""3663"", ""classid"": 3, ""subclassid"": ""1"", ""back_test_type"": ""1"", ""sort_type"": ""0""}, {""date"": ""2025-12-04"", ""factor"": ""人形机器人"", ""id"": ""7030"", ""classid"": 1, ""subclassid"": ""2"", ""back_test_type"": ""2"", ""sort_type"": ""0""}, {""date"": ""2025-12-04"", ""factor"": ""收盘价_不复权"", ""id"": ""c4>=6.3"", ""classid"": """", ""subclassid"": """", ""back_test_type"": ""1"", ""sort_type"": ""0""}, {""date"": ""2025-12-04"", ""factor"": ""收盘价_不复权"", ""id"": ""c4<=7.7"", ""classid"": """", ""subclassid"": """", ""back_test_type"": ""1"", ""sort_type"": ""0""}]"
北交所下一个30日BIAS积极的股票是哪个,"[{""date"": ""2025-12-04"", ""factor"": ""北交所等权"", ""id"": ""865"", ""classid"": 1, ""subclassid"": ""7"", ""back_test_type"": ""1"", ""sort_type"": ""0""}, {""date"": ""2025-12-04"", ""factor"": ""30日bias积极"", ""id"": ""3751"", ""classid"": 3, ""subclassid"": ""10"", ""back_test_type"": ""1"", ""sort_type"": ""0""}]"
20日OBV背离的个股有哪些,"[{""date"": ""2025-12-04"", ""factor"": ""20日obv背离"", ""id"": ""1665"", ""classid"": 3, ""subclassid"": ""11"", ""back_test_type"": ""1"", ""sort_type"": ""0""}]"
外盘关联影响的股票,"[{""date"": ""2025-12-05"", ""factor"": ""外盘关联影响"", ""id"": ""7343"", ""classid"": 10, ""subclassid"": ""7"", ""back_test_type"": ""1"", ""sort_type"": ""0""}]"
截止最近一个交易日60日超大流出新高的个股有哪些,"[{""date"": ""2025-12-04"", ""factor"": ""60日超大流出新高"", ""id"": ""1682"", ""classid"": 8, ""subclassid"": ""1"", ""back_test_type"": ""1"", ""sort_type"": ""0""}]"
存储芯片概念中，20日内KD反复金叉的公司有哪些,"[{""date"": ""2025-12-04"", ""factor"": ""存储概念"", ""id"": ""3642"", ""classid"": ""1"", ""subclassid"": ""2"", ""back_test_type"": ""2"", ""sort_type"": ""0""}, {""date"": ""2025-12-04"", ""factor"": ""20日kd反复金叉"", ""id"": ""1531"", ""classid"": 3, ""subclassid"": ""4"", ""back_test_type"": ""1"", ""sort_type"": ""0""}]"
20日换手变动创长期新低的人形机器人概念股有哪些,"[{""date"": ""2025-12-04"", ""factor"": ""20日换手变动长期新低"", ""id"": ""3880"", ""classid"": 3, ""subclassid"": ""9"", ""back_test_type"": ""1"", ""sort_type"": ""0""}, {""date"": ""2025-12-04"", ""factor"": ""人形机器人"", ""id"": ""7030"", ""classid"": 1, ""subclassid"": ""2"", ""back_test_type"": ""2"", ""sort_type"": ""0""}]"
250日乖离新高的股票有哪些，能炒吗,"[{""date"": ""2025-12-04"", ""factor"": ""250日乖离新高"", ""id"": ""1579"", ""classid"": 3, ""subclassid"": ""10"", ""back_test_type"": ""1"", ""sort_type"": ""0""}]"
5交易日内业绩预告继续亏损的股票,"[{""date"": ""2025-12-04"", ""factor"": ""业绩预告继续亏损"", ""id"": ""1179"", ""classid"": 5, ""subclassid"": ""1"", ""back_test_type"": ""1"", ""sort_type"": ""0""}]"
突破120日SAR，回踩20均线个股,"[{""date"": ""2025-12-04"", ""factor"": ""突破120日sar"", ""id"": ""1914"", ""classid"": 3, ""subclassid"": ""13"", ""back_test_type"": ""1"", ""sort_type"": ""0""}, {""date"": ""2025-12-04"", ""factor"": ""回踩月线"", ""id"": ""1288"", ""classid"": 2, ""subclassid"": ""7"", ""back_test_type"": ""1"", ""sort_type"": ""0""}]"
昨日资金抢筹，涨幅4-5%的股票,"[{""date"": ""2025-12-03"", ""factor"": ""资金抢筹"", ""id"": ""1310"", ""classid"": ""8"", ""subclassid"": ""1"", ""back_test_type"": ""1"", ""sort_type"": ""0""}, {""date"": ""2025-12-04"", ""factor"": ""1日涨幅"", ""id"": ""c24[1]>=4%"", ""classid"": ""1"", ""subclassid"": ""2"", ""back_test_type"": ""1"", ""sort"": ""降序"", ""sort_type"": ""2""}, {""date"": ""2025-12-04"", ""factor"": ""1日涨幅"", ""id"": ""c24[1]<=5%"", ""classid"": ""1"", ""subclassid"": ""2"", ""back_test_type"": ""1"", ""sort"": ""升序"", ""sort_type"": ""1""}]"
"我是一名A股投资者,请问下破30日线且属于固态电池概念的上市公司有哪些,龙头是那个公司？","[{""date"": ""2025-12-04"", ""factor"": ""下破30日线"", ""id"": ""1516"", ""classid"": 3, ""subclassid"": ""2"", ""back_test_type"": ""1"", ""sort_type"": ""0""}, {""date"": ""2025-12-04"", ""factor"": ""固态电池"", ""id"": ""663"", ""classid"": 1, ""subclassid"": ""2"", ""back_test_type"": ""2"", ""sort_type"": ""0""}]"
5日均偏新高的，人型机器人公司股价在7元上下的有哪几家？,"[{""date"": ""2025-12-04"", ""factor"": ""5日均偏新高"", ""id"": ""3661"", ""classid"": 3, ""subclassid"": ""1"", ""back_test_type"": ""1"", ""sort_type"": ""0""}, {""date"": ""2025-12-04"", ""factor"": ""人形机器人"", ""id"": ""7030"", ""classid"": 1, ""subclassid"": ""2"", ""back_test_type"": ""2"", ""sort_type"": ""0""}, {""date"": ""2025-12-04"", ""factor"": ""收盘价_不复权"", ""id"": ""c4>=6.3"", ""classid"": """", ""subclassid"": """", ""back_test_type"": ""1"", ""sort_type"": ""0""}, {""date"": ""2025-12-04"", ""factor"": ""收盘价_不复权"", ""id"": ""c4<=7.7"", ""classid"": """", ""subclassid"": """", ""back_test_type"": ""1"", ""sort_type"": ""0""}]"
OBV短期新低的股票有哪些？,"[{""date"": ""2025-12-04"", ""factor"": ""obv短期新低"", ""id"": ""1656"", ""classid"": 3, ""subclassid"": ""11"", ""back_test_type"": ""1"", ""sort_type"": ""0""}]"
今天成交额达10亿且中期均线多头的股票,"[{""date"": ""2025-12-04"", ""factor"": ""1日均成交额"", ""id"": ""c33[1]>=1000000000"", ""classid"": ""1"", ""subclassid"": ""4"", ""back_test_type"": ""1"", ""sort_type"": ""0""}, {""date"": ""2025-12-04"", ""factor"": ""中期均线多头"", ""id"": ""74"", ""classid"": 3, ""subclassid"": ""2"", ""back_test_type"": ""1"", ""sort_type"": ""0""}]"
前2月销额累计值同比剧增的半导体股有哪些,"[{""date"": ""2025-12-04"", ""factor"": ""半导体"", ""id"": ""547"", ""classid"": 1, ""subclassid"": ""2"", ""back_test_type"": ""2"", ""sort_type"": ""0""}]"
阶梯量比的股票有哪些,"[{""date"": ""2025-12-04"", ""factor"": ""阶梯量比"", ""id"": ""1302"", ""classid"": 3, ""subclassid"": ""7"", ""back_test_type"": ""1"", ""sort_type"": ""0""}]"
3日资金连续流出的股票有哪些,"[{""date"": ""2025-12-04"", ""factor"": ""3日资金连续流出"", ""id"": ""1254"", ""classid"": 8, ""subclassid"": ""1"", ""back_test_type"": ""1"", ""sort_type"": ""0""}]"
赵建平、赵吉持股的股票,"[{""date"": ""2025-12-04"", ""factor"": ""赵建平、赵吉持股"", ""id"": ""4057"", ""classid"": 8, ""subclassid"": ""3"", ""back_test_type"": ""1"", ""sort_type"": ""0""}]"
消费电子板块出现10日超短底背离的公司有哪些,"[{""date"": ""2025-12-04"", ""factor"": ""消费电子"", ""id"": ""648"", ""classid"": 1, ""subclassid"": ""2"", ""back_test_type"": ""2"", ""sort_type"": ""0""}, {""date"": ""2025-12-04"", ""factor"": ""10日超短底背离"", ""id"": ""4029"", ""classid"": 3, ""subclassid"": ""10"", ""back_test_type"": ""1"", ""sort_type"": ""0""}]"
著名刺客买入的股票有哪些,"[{""date"": ""2025-12-04"", ""factor"": ""著名刺客买入"", ""id"": ""4127"", ""classid"": 8, ""subclassid"": ""4"", ""back_test_type"": ""2"", ""sort_type"": ""0""}]"
20日BIAS积极的票,"[{""date"": ""2025-12-04"", ""factor"": ""20日bias积极"", ""id"": ""3743"", ""classid"": 3, ""subclassid"": ""10"", ""back_test_type"": ""1"", ""sort_type"": ""0""}]"
老牌游资卖出的上市公司有哪些,"[{""date"": ""2025-12-04"", ""factor"": ""老牌游资卖出"", ""id"": ""4114"", ""classid"": 8, ""subclassid"": ""4"", ""back_test_type"": ""2"", ""sort_type"": ""0""}]"
AI智能体且多模态，500日线中期波幅新高的个股,"[{""date"": ""2025-12-04"", ""factor"": ""AIAgent（AI助理）"", ""id"": ""5184"", ""classid"": ""1"", ""subclassid"": ""2"", ""back_test_type"": ""2"", ""sort_type"": ""0""}, {""date"": ""2025-12-04"", ""factor"": ""ai多模态"", ""id"": ""5185"", ""classid"": 1, ""subclassid"": ""2"", ""back_test_type"": ""2"", ""sort_type"": ""0""}, {""date"": ""2025-12-04"", ""factor"": ""500日线中期波幅新高"", ""id"": ""1758"", ""classid"": 3, ""subclassid"": ""2"", ""back_test_type"": ""1"", ""sort_type"": ""0""}]"
120日低点试探，知识产权，数字货币，算力概念的股票有哪些？,"[{""date"": ""2025-12-04"", ""factor"": ""120日低点试探"", ""id"": ""3716"", ""classid"": 3, ""subclassid"": ""1"", ""back_test_type"": ""1"", ""sort_type"": ""0""}, {""date"": ""2025-12-04"", ""factor"": ""知识产权"", ""id"": ""652"", ""classid"": 1, ""subclassid"": ""2"", ""back_test_type"": ""2"", ""sort_type"": ""0""}, {""date"": ""2025-12-04"", ""factor"": ""数字货币"", ""id"": ""699"", ""classid"": 1, ""subclassid"": ""2"", ""back_test_type"": ""2"", ""sort_type"": ""0""}, {""date"": ""2025-12-04"", ""factor"": ""算力概念"", ""id"": ""790"", ""classid"": 1, ""subclassid"": ""2"", ""back_test_type"": ""2"", ""sort_type"": ""0""}]"
突破60日SAR，回踩20均线个股,"[{""date"": ""2025-12-04"", ""factor"": ""突破60日sar"", ""id"": ""1913"", ""classid"": 3, ""subclassid"": ""13"", ""back_test_type"": ""1"", ""sort_type"": ""0""}, {""date"": ""2025-12-04"", ""factor"": ""回踩月线"", ""id"": ""1288"", ""classid"": 2, ""subclassid"": ""7"", ""back_test_type"": ""1"", ""sort_type"": ""0""}]"
"请筛选券商股中净利润增长大于0%，总市值100亿以下,一个月内涨幅小于百分之十的股票","[{""date"": ""2025-12-05"", ""factor"": ""券商"", ""id"": ""266"", ""classid"": 1, ""subclassid"": ""1"", ""back_test_type"": ""2"", ""sort_type"": ""0""}, {""date"": ""2025-12-05"", ""factor"": ""净利润增长"", ""id"": ""c103[1]>0%"", ""classid"": ""3"", ""subclassid"": ""3"", ""back_test_type"": ""1"", ""sort_type"": ""0""}, {""date"": ""2025-12-05"", ""factor"": ""总市值"", ""id"": ""c42<100.0亿元"", ""classid"": ""1"", ""subclassid"": ""8"", ""back_test_type"": ""1"", ""sort"": ""升序"", ""sort_type"": ""1""}, {""date"": ""2025-12-05"", ""factor"": ""20日涨幅"", ""id"": ""c24[7]<10%"", ""classid"": ""1"", ""subclassid"": ""2"", ""back_test_type"": ""1"", ""sort"": ""升序"", ""sort_type"": ""1""}]"
短期人气活跃且市盈率最低的十只股票,"[{""date"": ""2025-12-04"", ""factor"": ""短期人气活跃"", ""id"": ""1895"", ""classid"": 3, ""subclassid"": ""12"", ""back_test_type"": ""1"", ""sort_type"": ""0""}, {""date"": ""2025-12-04"", ""factor"": ""动态市盈率"", ""id"": ""c49"", ""classid"": ""1"", ""subclassid"": ""10"", ""back_test_type"": ""1"", ""sort"": ""升序"", ""sort_type"": ""1"", ""limit"": ""10""}]"
"概念板块同时具备商业航天,液冷服务器,算力,AI,数据中心且短期窄幅波动的股票有哪些？","[{""date"": ""2025-12-04"", ""factor"": ""商业航天（航天航空）"", ""id"": ""224"", ""classid"": 1, ""subclassid"": ""2"", ""back_test_type"": ""2"", ""sort_type"": ""0""}, {""date"": ""2025-12-04"", ""factor"": ""液冷概念"", ""id"": ""1469"", ""classid"": 1, ""subclassid"": ""2"", ""back_test_type"": ""2"", ""sort_type"": ""0""}, {""date"": ""2025-12-04"", ""factor"": ""算力概念"", ""id"": ""790"", ""classid"": 1, ""subclassid"": ""2"", ""back_test_type"": ""2"", ""sort_type"": ""0""}, {""date"": ""2025-12-04"", ""factor"": ""人工智能"", ""id"": ""415"", ""classid"": 1, ""subclassid"": ""2"", ""back_test_type"": ""2"", ""sort_type"": ""0""}, {""date"": ""2025-12-04"", ""factor"": ""idc概念（数据中心）"", ""id"": ""723"", ""classid"": 1, ""subclassid"": ""2"", ""back_test_type"": ""2"", ""sort_type"": ""0""}, {""date"": ""2025-12-04"", ""factor"": ""短期窄幅波动"", ""id"": ""43"", ""classid"": 2, ""subclassid"": ""5"", ""back_test_type"": ""1"", ""sort_type"": ""0""}]"
十字星的股票有哪些,"[{""date"": ""2025-12-04"", ""factor"": ""十字星"", ""id"": ""72"", ""classid"": 3, ""subclassid"": ""1"", ""back_test_type"": ""1"", ""sort_type"": ""0""}]"
昨天Vmacd水下金叉，尾盘拉升幅度百分之一以上，且市值百亿以内的股票,"[{""date"": ""2025-12-03"", ""factor"": ""Vmacd水下金叉"", ""id"": ""1235"", ""classid"": ""3"", ""subclassid"": ""9"", ""back_test_type"": ""1"", ""sort_type"": ""0""}, {""date"": ""2025-12-04"", ""factor"": ""总市值"", ""id"": ""c42<100.0亿元"", ""classid"": ""1"", ""subclassid"": ""8"", ""back_test_type"": ""1"", ""sort"": ""升序"", ""sort_type"": ""1""}]"
"我是一名A股投资者,请问下破60日线且属于固态电池概念的上市公司有哪些,龙头是那个公司？","[{""date"": ""2025-12-04"", ""factor"": ""下破60日线"", ""id"": ""1517"", ""classid"": 3, ""subclassid"": ""2"", ""back_test_type"": ""1"", ""sort_type"": ""0""}, {""date"": ""2025-12-04"", ""factor"": ""固态电池"", ""id"": ""663"", ""classid"": 1, ""subclassid"": ""2"", ""back_test_type"": ""2"", ""sort_type"": ""0""}]"
选出9月3日短线爆发股；非st板；非科创板,"[{""date"": ""2025-09-03"", ""factor"": ""短线爆发"", ""id"": ""1728"", ""classid"": ""3"", ""subclassid"": ""1"", ""back_test_type"": ""1"", ""sort_type"": ""0""}, {""date"": ""2025-12-04"", ""factor"": ""非ST板块"", ""id"": ""!651"", ""classid"": ""1"", ""subclassid"": ""2"", ""back_test_type"": ""2"", ""sort_type"": ""0""}, {""date"": ""2025-12-04"", ""factor"": ""非科创板"", ""id"": ""7349"", ""classid"": 1, ""subclassid"": ""7"", ""back_test_type"": ""1"", ""sort_type"": ""0""}]"
突破在即的股票有哪些,"[{""date"": ""2025-12-04"", ""factor"": ""突破在即"", ""id"": ""65"", ""classid"": 3, ""subclassid"": ""1"", ""back_test_type"": ""1"", ""sort_type"": ""0""}]"
10元以下高业绩的低价A股有哪些？,"[{""date"": ""2025-12-04"", ""factor"": ""收盘价_不复权"", ""id"": ""c4<=10"", ""classid"": """", ""subclassid"": """", ""back_test_type"": ""1"", ""sort_type"": ""0""}, {""date"": ""2025-12-04"", ""factor"": ""扣非净利润全市场靠前"", ""id"": ""908"", ""classid"": 4, ""subclassid"": ""2"", ""back_test_type"": ""1"", ""sort_type"": ""0""}, {""date"": ""2025-12-04"", ""factor"": ""低价"", ""id"": ""148"", ""classid"": 1, ""subclassid"": ""3"", ""back_test_type"": ""2"", ""sort_type"": ""0""}, {""date"": ""2025-12-04"", ""factor"": ""全A等权"", ""id"": ""845"", ""classid"": ""1"", ""subclassid"": ""7"", ""back_test_type"": ""1"", ""sort_type"": ""0""}]"
股票处于减持周期内，涨幅大于4%,"[{""date"": ""2025-12-04"", ""factor"": ""股票处于减持周期内"", ""id"": ""1190"", ""classid"": 5, ""subclassid"": ""2"", ""back_test_type"": ""1"", ""sort_type"": ""0""}, {""date"": ""2025-12-04"", ""factor"": ""1日涨幅"", ""id"": ""c24[1]>4%"", ""classid"": ""1"", ""subclassid"": ""2"", ""back_test_type"": ""1"", ""sort"": ""降序"", ""sort_type"": ""2""}]"
5日换手变动创长期新低的人形机器人概念股有哪些,"[{""date"": ""2025-12-04"", ""factor"": ""5日换手变动长期新低"", ""id"": ""3878"", ""classid"": 3, ""subclassid"": ""9"", ""back_test_type"": ""1"", ""sort_type"": ""0""}, {""date"": ""2025-12-04"", ""factor"": ""人形机器人"", ""id"": ""7030"", ""classid"": 1, ""subclassid"": ""2"", ""back_test_type"": ""2"", ""sort_type"": ""0""}]"
敢死队买入的龙头股是哪个股？,"[{""date"": ""2025-12-04"", ""factor"": ""月度强势"", ""id"": ""3"", ""classid"": 2, ""subclassid"": ""1"", ""back_test_type"": ""1"", ""sort_type"": ""0""}]"
请查询2025-10-22出现120日BIAS强劲的股票,"[{""date"": ""2025-10-22"", ""factor"": ""120日BIAS强劲"", ""id"": ""3768"", ""classid"": ""3"", ""subclassid"": ""10"", ""back_test_type"": ""1"", ""sort_type"": ""0""}]"
作手新一卖出的股票有哪些,"[{""date"": ""2025-12-04"", ""factor"": ""作手新一卖出"", ""id"": ""4130"", ""classid"": 8, ""subclassid"": ""4"", ""back_test_type"": ""2"", ""sort_type"": ""0""}]"
我想投资国产芯片，看换手率全市场最小100个的股票有哪些,"[{""date"": ""2025-12-04"", ""factor"": ""芯片概念"", ""id"": ""627"", ""classid"": ""1"", ""subclassid"": ""2"", ""back_test_type"": ""2"", ""sort_type"": ""0""}, {""date"": ""2025-12-04"", ""factor"": ""换手率全市场最小100个"", ""id"": ""967"", ""classid"": 2, ""subclassid"": ""8"", ""back_test_type"": ""1"", ""sort_type"": ""0""}]"
赵老哥卖出的消费股有哪几只,"[{""date"": ""2025-12-04"", ""factor"": ""赵老哥卖出"", ""id"": ""4098"", ""classid"": 8, ""subclassid"": ""4"", ""back_test_type"": ""2"", ""sort_type"": ""0""}, {""date"": ""2025-12-04"", ""factor"": ""酒及饮料|旅游酒店|农副食品|休闲食品|纺织业|服装"", ""id"": ""203|482|171|681|238|152"", ""classid"": """", ""subclassid"": """", ""back_test_type"": ""2"", ""sort_type"": ""0""}]"
账上现金大于1000亿的股票有哪些,"[{""date"": ""2025-12-04"", ""factor"": ""账上现金大于1000亿"", ""id"": ""937"", ""classid"": 4, ""subclassid"": ""4"", ""back_test_type"": ""1"", ""sort_type"": ""0""}]"
30日波动显著的股票,"[{""date"": ""2025-12-04"", ""factor"": ""30日波动"", ""id"": ""1719"", ""classid"": 2, ""subclassid"": ""5"", ""back_test_type"": ""1"", ""sort_type"": ""0""}]"
10日密集放量的半导体股有哪些,"[{""date"": ""2025-12-04"", ""factor"": ""10日密集放量"", ""id"": ""1465"", ""classid"": 3, ""subclassid"": ""9"", ""back_test_type"": ""1"", ""sort_type"": ""0""}, {""date"": ""2025-12-04"", ""factor"": ""半导体"", ""id"": ""547"", ""classid"": 1, ""subclassid"": ""2"", ""back_test_type"": ""2"", ""sort_type"": ""0""}]"
中期发力的上市公司有哪些,"[{""date"": ""2025-12-04"", ""factor"": ""中期发力"", ""id"": ""1729"", ""classid"": 3, ""subclassid"": ""1"", ""back_test_type"": ""1"", ""sort_type"": ""0""}]"
请查询2025-10-22换手率20日变动积极的股票,"[{""date"": ""2025-10-22"", ""factor"": ""20日换手变动积极"", ""id"": ""3919"", ""classid"": ""3"", ""subclassid"": ""9"", ""back_test_type"": ""1"", ""sort_type"": ""0""}]"
出现黄金量形态的上市公司有哪些？,"[{""date"": ""2025-12-04"", ""factor"": ""黄金量"", ""id"": ""1359"", ""classid"": 3, ""subclassid"": ""9"", ""back_test_type"": ""1"", ""sort_type"": ""0""}]"
前3月销额累计值同比下降(食饮)，市值小于等于100亿，均线多头排列,"[{""date"": ""2025-12-04"", ""factor"": ""总市值"", ""id"": ""c42<=100.0亿元"", ""classid"": ""1"", ""subclassid"": ""8"", ""back_test_type"": ""1"", ""sort"": ""升序"", ""sort_type"": ""1""}, {""date"": ""2025-12-04"", ""factor"": ""短期均线多头"", ""id"": ""73"", ""classid"": 3, ""subclassid"": ""2"", ""back_test_type"": ""1"", ""sort_type"": ""0""}]"
现在有10日资金流出新高的股票,"[{""date"": ""2025-12-04"", ""factor"": ""10日资金流出新高"", ""id"": ""1276"", ""classid"": 8, ""subclassid"": ""1"", ""back_test_type"": ""1"", ""sort_type"": ""0""}]"
5交易日内业绩预告亏损小幅增加的股票,"[{""date"": ""2025-12-04"", ""factor"": ""业绩预告亏损小幅增加"", ""id"": ""1178"", ""classid"": 5, ""subclassid"": ""1"", ""back_test_type"": ""1"", ""sort_type"": ""0""}]"
60日下破预警的股票有哪些,"[{""date"": ""2025-12-04"", ""factor"": ""60日下破预警"", ""id"": ""3686"", ""classid"": 3, ""subclassid"": ""1"", ""back_test_type"": ""1"", ""sort_type"": ""0""}]"
营业总利润环比翻倍，且涨幅大于4%,"[{""date"": ""2025-12-04"", ""factor"": ""营业总利润环比翻倍"", ""id"": ""903"", ""classid"": 4, ""subclassid"": ""2"", ""back_test_type"": ""1"", ""sort_type"": ""0""}, {""date"": ""2025-12-04"", ""factor"": ""1日涨幅"", ""id"": ""c24[1]>4%"", ""classid"": ""1"", ""subclassid"": ""2"", ""back_test_type"": ""1"", ""sort"": ""降序"", ""sort_type"": ""2""}]"
沪市10日MACD反复死叉的中科院概念股票？,"[{""date"": ""2025-12-04"", ""factor"": ""沪市等权"", ""id"": ""846"", ""classid"": 1, ""subclassid"": ""7"", ""back_test_type"": ""1"", ""sort_type"": ""0""}, {""date"": ""2025-12-04"", ""factor"": ""10日macd反复死叉"", ""id"": ""1521"", ""classid"": 3, ""subclassid"": ""3"", ""back_test_type"": ""1"", ""sort_type"": ""0""}, {""date"": ""2025-12-04"", ""factor"": ""中科院系"", ""id"": ""439"", ""classid"": ""1"", ""subclassid"": ""2"", ""back_test_type"": ""2"", ""sort_type"": ""0""}]"
